t_monotonic,ax,ay,az,gx,gy,gz
592259.609000,-0.952,0.054,-0.295,-2.75,3.63,1.25
592259.656000,-0.954,0.035,-0.276,-2.35,0.4,-2.23
592259.703000,-0.942,0.034,-0.297,-4.15,2.69,0.12
592259.765000,-0.947,0.042,-0.3,-6.07,7.05,1.77
592259.812000,-0.946,0.062,-0.315,-4.61,4.46,-1.92
592259.859000,-0.943,0.067,-0.32,-5.25,4.09,-2.72
592259.906000,-0.941,0.064,-0.318,-1.46,1.5,-2.2
592259.953000,-0.939,0.061,-0.317,3.42,0.27,1.86
592260.000000,-0.946,0.043,-0.304,4.64,-0.43,1.8
592260.046000,-0.944,0.043,-0.305,2.99,-0.37,0.67
592260.109000,-0.945,0.038,-0.31,0.4,1.01,0.31
592260.156000,-0.945,0.048,-0.308,0.4,1.19,-0.95
592260.203000,-0.941,0.053,-0.316,-0.46,0.31,-0.55
592260.250000,-0.938,0.051,-0.311,-1.89,1.31,0.0
592260.296000,-0.939,0.051,-0.312,-1.62,-0.43,-0.43
592260.343000,-0.952,0.055,-0.309,-2.87,0.31,-1.59
592260.390000,-0.945,0.056,-0.312,-3.75,1.68,-0.24
592260.437000,-0.94,0.053,-0.318,-3.11,1.22,-0.73
592260.484000,-0.941,0.057,-0.32,-1.74,1.01,-0.46
592260.531000,-0.952,0.051,-0.319,-2.5,1.86,-0.21
592260.578000,-0.944,0.048,-0.318,-1.5,0.73,-1.4
592260.625000,-0.937,0.065,-0.32,0.76,-0.06,-1.19
592260.671000,-0.939,0.054,-0.321,-0.52,0.82,0.18
592260.718000,-0.944,0.047,-0.31,-1.1,1.25,0.03
592260.765000,-0.937,0.053,-0.318,-1.53,0.31,-1.46
592260.812000,-0.953,0.05,-0.313,-2.9,1.86,0.49
592260.859000,-0.953,0.04,-0.311,-1.95,-0.82,-1.68
592260.906000,-0.938,0.059,-0.318,-2.66,0.58,-1.83
592260.953000,-0.938,0.057,-0.317,-2.17,1.13,0.34
592261.000000,-0.943,0.05,-0.311,-1.37,0.64,-0.24
592261.046000,-0.942,0.045,-0.317,-2.5,1.43,-0.34
592261.093000,-0.944,0.051,-0.318,-1.37,1.16,-0.15
592261.140000,-0.938,0.055,-0.323,-1.56,0.46,-1.83
592261.187000,-0.939,0.055,-0.314,-4.97,2.11,-1.65
592261.234000,-0.935,0.044,-0.32,-4.12,2.5,-1.92
592261.281000,-0.938,0.058,-0.318,-2.93,1.77,-1.16
592261.328000,-0.94,0.053,-0.316,-1.65,1.46,-0.82
592261.375000,-0.938,0.06,-0.318,-0.34,0.82,-0.27
592261.421000,-0.937,0.06,-0.33,-1.04,2.35,0.37
592261.468000,-0.941,0.053,-0.323,2.66,0.67,2.59
592261.515000,-0.929,0.054,-0.332,2.99,-0.27,1.5
592261.562000,-0.94,0.046,-0.332,-0.06,0.89,1.46
592261.609000,-0.948,0.04,-0.322,2.35,-0.34,0.4
592261.656000,-0.938,0.052,-0.323,0.43,0.55,0.18
592261.703000,-0.939,0.053,-0.324,-0.52,1.04,0.67
592261.750000,-0.939,0.051,-0.332,0.18,0.76,-0.37
592261.796000,-0.94,0.048,-0.328,0.37,0.7,0.24
592261.843000,-0.944,0.045,-0.329,-0.03,0.85,0.37
592261.890000,-0.932,0.058,-0.332,-0.55,0.52,-0.67
592261.937000,-0.935,0.05,-0.328,-0.55,0.95,-0.21
592261.984000,-0.942,0.056,-0.326,0.15,1.13,0.0
592262.031000,-0.937,0.053,-0.33,-1.53,1.28,-0.43
592262.078000,-0.934,0.059,-0.333,-0.76,1.07,0.12
592262.125000,-0.936,0.05,-0.334,0.43,-0.03,0.58
592262.171000,-0.937,0.055,-0.331,-0.82,0.7,-0.06
592262.218000,-0.936,0.057,-0.328,-0.24,0.24,0.27
592262.265000,-0.936,0.051,-0.329,1.31,0.31,1.01
592262.312000,-0.938,0.052,-0.329,0.27,0.43,0.21
592262.359000,-0.938,0.054,-0.332,0.82,0.79,0.55
592262.406000,-0.936,0.051,-0.33,0.7,0.7,0.52
592262.453000,-0.936,0.052,-0.328,0.43,0.55,0.34
592262.500000,-0.935,0.054,-0.328,-1.13,0.67,0.12
592262.546000,-0.936,0.045,-0.326,-0.85,0.55,-0.31
592262.593000,-0.935,0.061,-0.334,-0.98,0.46,-0.73
592262.640000,-0.937,0.061,-0.332,-1.46,0.43,-0.4
592262.687000,-0.934,0.054,-0.333,0.27,0.37,0.67
592262.734000,-0.934,0.058,-0.33,0.61,0.4,0.18
592262.781000,-0.934,0.064,-0.329,-0.7,0.95,-0.03
592262.828000,-0.937,0.045,-0.329,-1.1,0.98,0.82
592262.875000,-0.941,0.041,-0.332,0.89,0.37,0.21
592262.921000,-0.937,0.049,-0.329,-0.43,0.49,-0.92
592262.968000,-0.939,0.05,-0.332,-1.13,0.82,-1.01
592263.015000,-0.931,0.059,-0.337,-3.51,1.4,-1.86
592263.062000,-0.935,0.061,-0.338,-3.23,1.46,-0.79
592263.109000,-0.934,0.051,-0.333,-0.58,-0.03,0.21
592263.156000,-0.936,0.056,-0.335,-1.68,0.34,-0.55
592263.203000,-0.938,0.051,-0.333,-1.43,0.82,-0.09
592263.250000,-0.939,0.053,-0.334,-2.17,1.07,-0.89
592263.296000,-0.938,0.058,-0.336,-1.89,1.74,-0.79
592263.343000,-0.937,0.063,-0.342,-0.4,0.37,-1.04
592263.390000,-0.931,0.059,-0.337,0.76,0.06,0.0
592263.437000,-0.934,0.056,-0.334,1.37,-0.82,0.0
592263.484000,-0.933,0.055,-0.33,1.83,-0.79,0.61
592263.531000,-0.936,0.05,-0.325,1.92,-0.92,-0.24
592263.578000,-0.938,0.048,-0.326,2.53,0.0,1.25
592263.625000,-0.928,0.047,-0.338,1.5,0.18,0.24
592263.671000,-0.932,0.055,-0.333,2.69,-0.24,0.58
592263.718000,-0.94,0.047,-0.334,2.96,0.15,0.52
592263.765000,-0.94,0.047,-0.332,2.81,0.09,-0.09
592263.812000,-0.939,0.055,-0.333,3.36,0.7,0.31
592263.859000,-0.936,0.065,-0.323,5.01,1.07,2.17
592263.906000,-0.928,0.048,-0.335,5.37,0.03,1.89
592263.968000,-0.937,0.049,-0.342,7.6,0.09,2.5
592264.015000,-0.938,0.033,-0.335,5.31,0.4,1.71
592264.062000,-0.936,0.033,-0.33,5.74,-1.16,1.1
592264.109000,-0.94,0.031,-0.336,1.98,0.12,0.27
592264.156000,-0.94,0.032,-0.325,2.23,0.0,-1.1
592264.203000,-0.932,0.043,-0.333,0.98,0.06,-0.76
592264.250000,-0.932,0.044,-0.337,2.53,-0.49,0.34
592264.296000,-0.942,0.043,-0.335,2.11,0.76,0.34
592264.343000,-0.937,0.035,-0.341,-0.4,0.61,0.27
592264.390000,-0.937,0.045,-0.333,0.09,0.55,-0.7
592264.437000,-0.939,0.037,-0.339,0.52,1.04,0.18
592264.484000,-0.938,0.044,-0.331,-0.34,1.8,-1.8
592264.531000,-0.933,0.053,-0.335,-0.73,1.19,-1.89
592264.578000,-0.932,0.044,-0.334,2.17,0.64,1.19
592264.625000,-0.932,0.038,-0.336,2.23,-0.52,-0.31
592264.671000,-0.932,0.042,-0.334,4.12,-1.04,1.07
592264.734000,-0.939,0.031,-0.333,4.55,-1.22,1.8
592264.781000,-0.936,0.037,-0.33,4.7,-1.34,0.55
592264.828000,-0.941,0.047,-0.336,5.13,-1.04,1.19
592264.875000,-0.935,0.017,-0.353,-0.24,1.8,1.77
592264.937000,-0.937,0.009,-0.31,-1.68,3.94,0.79
592264.984000,-0.936,0.04,-0.321,-2.35,1.34,-2.99
592265.031000,-0.927,0.071,-0.331,3.69,-0.09,-0.92
592265.078000,-0.929,0.053,-0.34,4.94,-0.92,1.8
592265.125000,-0.926,0.043,-0.338,8.85,-3.78,3.2
592265.187000,-0.935,0.034,-0.328,7.51,-1.59,2.59
592265.234000,-0.944,0.02,-0.322,4.33,-2.53,1.98
592265.281000,-0.955,0.005,-0.326,1.37,-2.35,2.04
592265.328000,-0.961,0.004,-0.338,-2.41,0.09,-0.31
592265.375000,-0.935,0.018,-0.339,-11.84,2.66,-3.81
592265.421000,-0.932,0.043,-0.341,-13.7,2.93,-4.21
592265.468000,-0.928,0.041,-0.329,-8.85,0.55,-2.04
592265.515000,-0.943,0.055,-0.323,-7.66,2.53,-2.11
592265.562000,-0.94,0.048,-0.331,-5.4,0.76,-1.65
592265.609000,-0.931,0.045,-0.333,-4.21,0.37,-1.25
592265.656000,-0.931,0.043,-0.33,-2.29,-0.58,-0.15
592265.703000,-0.932,0.037,-0.331,-2.35,-0.64,0.0
592265.765000,-0.945,0.035,-0.315,-3.05,0.12,0.18
592265.812000,-0.943,0.04,-0.324,-2.84,-0.67,-1.25
592265.859000,-0.93,0.04,-0.324,-4.09,0.03,-1.13
592265.906000,-0.935,0.042,-0.325,-4.88,0.58,-0.79
592265.953000,-0.942,0.033,-0.324,-1.71,-0.12,-0.31
592266.000000,-0.938,0.044,-0.32,-3.27,0.73,-1.19
592266.046000,-0.934,0.052,-0.322,-1.28,1.07,-0.58
592266.093000,-0.943,0.05,-0.327,0.79,1.77,0.89
592266.140000,-0.949,0.047,-0.336,1.19,1.89,0.55
592266.187000,-0.942,0.045,-0.35,2.29,1.37,0.73
592266.234000,-0.941,0.033,-0.341,2.23,0.98,0.21
592266.281000,-0.94,0.049,-0.327,3.3,0.4,-0.15
592266.328000,-0.934,0.055,-0.324,4.85,-0.64,0.18
592266.375000,-0.926,0.043,-0.323,5.43,-0.61,1.04
592266.437000,-0.929,0.049,-0.33,6.38,-1.16,1.62
592266.484000,-0.94,0.038,-0.328,6.1,-0.61,2.17
592266.531000,-0.944,0.032,-0.335,5.04,-0.27,1.28
592266.578000,-0.941,0.04,-0.343,5.58,-0.58,1.53
592266.625000,-0.941,0.028,-0.34,3.14,0.18,1.95
592266.671000,-0.944,0.013,-0.332,0.7,0.95,0.46
592266.718000,-0.943,0.03,-0.331,-1.37,0.92,-1.25
592266.765000,-0.933,0.032,-0.327,-1.34,0.95,-0.21
592266.828000,-0.937,0.043,-0.334,-1.34,0.37,-1.04
592266.875000,-0.93,0.037,-0.329,-0.52,0.46,0.09
592266.937000,-0.936,0.033,-0.329,-0.24,0.0,-0.7
592267.000000,-0.937,0.044,-0.339,-1.16,1.13,-0.49
592267.046000,-0.94,0.035,-0.323,-1.4,0.43,-0.58
592267.093000,-0.935,0.036,-0.336,-2.26,0.82,-0.85
592267.140000,-0.93,0.035,-0.33,-0.76,0.52,-0.27
592267.187000,-0.935,0.046,-0.328,-0.82,0.67,-0.03
592267.234000,-0.94,0.041,-0.33,0.52,0.46,0.61
592267.281000,-0.938,0.043,-0.329,0.09,0.43,0.37
592267.328000,-0.936,0.032,-0.342,-0.37,0.49,0.61
592267.375000,-0.939,0.032,-0.344,0.43,0.24,0.55
592267.421000,-0.938,0.035,-0.335,-0.76,0.49,-0.06
592267.468000,-0.928,0.032,-0.33,-2.26,0.89,-0.27
592267.515000,-0.935,0.034,-0.341,-2.11,0.34,0.24
592267.562000,-0.935,0.032,-0.332,-1.53,-0.06,-0.06
592267.609000,-0.934,0.033,-0.326,-1.53,-0.09,0.06
592267.656000,-0.938,0.03,-0.324,-0.92,-0.18,0.64
592267.703000,-0.94,0.028,-0.326,-2.32,-0.03,-0.09
592267.750000,-0.935,0.035,-0.326,-2.38,-0.52,-1.19
592267.796000,-0.938,0.035,-0.333,-2.75,0.15,-0.58
592267.843000,-0.943,0.038,-0.332,-2.9,0.73,-0.55
592267.890000,-0.94,0.032,-0.338,-2.59,0.24,-0.85
592267.937000,-0.939,0.042,-0.34,-1.31,-0.7,-1.65
592267.984000,-0.936,0.042,-0.34,-3.27,0.12,-1.34
592268.031000,-0.935,0.032,-0.342,-2.47,0.46,-0.79
592268.078000,-0.943,0.031,-0.339,-1.46,0.64,-1.07
592268.125000,-0.934,0.031,-0.333,-1.19,1.71,-1.4
592268.171000,-0.934,0.038,-0.333,-0.7,1.98,-0.98
592268.218000,-0.943,0.039,-0.335,-2.72,3.42,0.15
592268.281000,-0.939,0.027,-0.336,-1.92,1.59,-2.17
592268.328000,-0.924,0.033,-0.349,-2.78,2.56,-1.98
592268.375000,-0.946,0.026,-0.334,0.21,2.59,-1.77
592268.421000,-0.933,0.023,-0.333,0.09,1.19,-3.23
592268.468000,-0.929,0.054,-0.337,1.28,1.62,-3.08
592268.515000,-0.931,0.038,-0.335,-1.86,1.31,-0.92
592268.562000,-0.935,0.033,-0.334,-1.28,2.23,-0.98
592268.609000,-0.931,0.025,-0.335,-0.98,1.01,-0.92
592268.656000,-0.934,0.03,-0.335,0.15,0.98,-1.31
592268.703000,-0.934,0.028,-0.334,-0.79,0.4,-1.16
592268.750000,-0.936,0.03,-0.34,0.85,-0.03,-1.46
592268.812000,-0.93,0.04,-0.344,-0.34,-0.73,-0.79
592268.859000,-0.92,0.053,-0.344,2.04,-0.21,1.1
592268.906000,-0.927,0.047,-0.336,-0.31,-0.58,2.26
592268.953000,-0.922,0.034,-0.347,2.53,-1.68,2.59
592269.000000,-0.905,0.03,-0.352,3.11,-2.41,1.46
592269.046000,-0.886,0.047,-0.342,6.81,-0.67,2.23
592269.093000,-0.876,0.047,-0.332,11.72,-0.18,4.91
592269.140000,-0.896,0.082,-0.315,18.4,-0.21,9.34
592269.187000,-0.901,0.094,-0.316,16.57,-3.23,14.04
592269.250000,-0.916,0.119,-0.334,17.7,-1.92,18.71
592269.296000,-0.938,0.136,-0.339,11.63,-0.85,25.91
592269.343000,-0.934,0.125,-0.333,7.08,-1.07,30.58
592269.390000,-0.92,0.11,-0.339,-2.75,0.67,30.52
592269.437000,-0.967,0.134,-0.339,-8.06,3.2,31.53
592269.500000,-1.0,0.12,-0.346,-10.93,2.75,34.0
592269.546000,-0.989,0.074,-0.306,-6.32,1.19,25.61
592269.593000,-0.963,0.121,-0.278,-3.54,-3.54,17.27
592269.640000,-0.956,0.123,-0.297,-5.34,-10.5,7.63
592269.687000,-0.926,0.135,-0.296,-8.39,-8.76,-2.53
592269.750000,-0.927,0.177,-0.298,-3.85,-9.49,-2.75
592269.796000,-0.933,0.177,-0.293,-5.07,-11.54,0.43
592269.843000,-0.937,0.188,-0.285,-4.76,-8.27,-0.24
592269.890000,-0.967,0.196,-0.292,-5.58,-5.77,-0.98
592269.953000,-0.964,0.2,-0.285,-1.86,-8.88,-1.77
592270.000000,-0.952,0.213,-0.322,-8.18,-8.36,-3.3
592270.046000,-0.949,0.202,-0.32,-9.64,-2.38,-3.51
592270.093000,-0.957,0.214,-0.317,-4.64,1.37,-3.94
592270.140000,-0.954,0.225,-0.32,-0.92,3.78,-2.75
592270.187000,-0.968,0.197,-0.28,2.44,4.88,-11.51
592270.234000,-0.965,0.241,-0.295,8.61,1.28,-7.2
592270.281000,-0.959,0.25,-0.301,1.71,7.23,0.73
592270.328000,-0.956,0.204,-0.276,-12.33,10.9,-4.43
592270.375000,-0.94,0.225,-0.289,-27.16,13.98,0.09
592270.421000,-0.949,0.146,-0.229,-32.35,9.46,-10.99
592270.468000,-0.926,0.153,-0.284,-16.63,-0.73,-9.67
592270.515000,-0.893,0.173,-0.303,-0.4,7.54,-7.39
592270.562000,-0.915,0.185,-0.297,-14.62,11.35,-14.47
592270.609000,-0.9,0.183,-0.307,-8.27,5.89,-11.2
592270.671000,-0.919,0.225,-0.304,-21.55,8.76,-9.03
592270.718000,-0.902,0.214,-0.317,-21.58,-0.7,-6.74
592270.765000,-0.856,0.208,-0.324,-45.08,13.15,-5.83
592270.812000,-0.953,0.213,-0.212,-101.93,1.28,-21.82
592270.859000,-0.933,0.132,-0.254,-18.62,-24.41,17.55
592270.906000,-0.96,0.151,-0.194,-21.73,-27.86,6.38
592270.953000,-0.938,0.124,-0.176,-3.33,-31.37,0.55
592271.000000,-0.971,0.154,-0.166,24.29,-51.88,-5.46
592271.046000,-0.924,0.119,-0.193,16.27,-27.13,-21.03
592271.093000,-0.939,0.219,-0.227,5.34,-17.09,-18.8
592271.140000,-0.933,0.185,-0.247,-11.02,-10.1,-12.94
592271.187000,-1.002,0.14,-0.098,8.45,-4.24,-15.29
592271.234000,-0.952,0.223,-0.188,-10.9,-18.25,-5.13
592271.281000,-1.009,0.123,-0.094,-18.43,-4.73,-0.7
592271.328000,-0.909,0.121,-0.171,1.77,2.9,3.48
592271.375000,-0.958,0.142,-0.126,12.05,29.24,-10.25
592271.421000,-0.959,0.161,-0.15,23.96,17.27,6.62
592271.468000,-0.973,0.108,-0.192,35.37,43.76,-5.16
592271.515000,-1.002,0.165,-0.199,32.69,26.64,6.65
592271.562000,-1.092,0.145,-0.186,-1.89,9.67,5.01
592271.609000,-1.039,0.19,-0.198,-19.04,-16.6,3.33
592271.656000,-0.926,0.284,-0.218,-33.51,-17.55,5.86
592271.703000,-0.937,0.192,-0.181,-13.0,-9.25,10.35
592271.750000,-0.859,0.146,-0.301,27.56,15.69,17.7
592271.796000,-0.941,0.223,-0.245,28.38,70.68,15.35
592271.843000,-1.024,0.154,-0.179,28.78,44.13,16.91
592271.890000,-0.996,0.141,-0.243,15.84,1.22,8.36
592271.937000,-0.955,0.14,-0.277,0.24,-5.46,-6.84
592271.984000,-0.926,0.151,-0.306,-0.89,0.15,-1.53
592272.031000,-0.948,0.127,-0.309,5.22,-3.45,-6.41
592272.078000,-0.948,0.141,-0.329,12.85,-4.49,-8.76
592272.125000,-0.93,0.151,-0.338,10.83,0.43,-10.41
592272.171000,-0.923,0.164,-0.33,7.72,2.93,-13.31
592272.218000,-0.933,0.161,-0.329,7.02,3.2,-10.8
592272.265000,-0.94,0.145,-0.319,6.2,6.84,-9.31
592272.312000,-0.929,0.15,-0.293,12.33,5.71,-10.59
592272.359000,-0.936,0.144,-0.297,14.44,2.47,-6.84
592272.406000,-0.93,0.139,-0.287,8.3,3.94,-4.03
592272.453000,-0.925,0.15,-0.264,1.53,4.46,-5.25
592272.500000,-0.919,0.159,-0.265,1.59,3.69,1.25
592272.546000,-0.953,0.12,-0.264,-8.67,-5.01,0.82
592272.593000,-0.945,0.101,-0.311,-12.51,-11.05,2.41
592272.640000,-0.948,0.075,-0.336,-14.95,-3.69,3.36
592272.687000,-0.922,0.052,-0.37,-8.0,-1.95,-0.7
592272.734000,-0.923,0.076,-0.379,-1.83,12.45,-1.95
592272.781000,-0.927,0.063,-0.349,-4.0,8.45,-6.29
592272.828000,-0.942,0.076,-0.342,-0.03,0.37,-4.52
592272.875000,-0.961,0.06,-0.31,-8.36,3.88,-8.79
592272.921000,-0.96,0.067,-0.299,-1.86,0.95,-10.38
592272.968000,-0.939,0.091,-0.306,3.48,-1.43,-10.28
592273.031000,-0.927,0.094,-0.305,0.4,3.08,-9.37
592273.078000,-0.927,0.108,-0.32,1.4,-0.82,-8.73
592273.125000,-0.951,0.097,-0.33,-7.02,-0.95,-7.54
592273.171000,-0.924,0.087,-0.357,-8.09,1.46,-8.03
592273.218000,-0.929,0.094,-0.343,-1.34,1.95,-4.36
592273.265000,-0.931,0.086,-0.335,2.53,-1.1,-0.27
592273.328000,-0.939,0.078,-0.313,4.21,-0.7,-0.43
592273.375000,-0.926,0.079,-0.319,1.34,0.03,0.18
592273.421000,-0.941,0.06,-0.308,-0.92,2.87,0.34
592273.468000,-0.952,0.057,-0.316,3.72,2.23,1.37
592273.515000,-0.941,0.051,-0.321,7.87,3.69,1.92
592273.578000,-0.94,0.055,-0.332,8.48,3.17,0.82
592273.640000,-0.939,0.035,-0.335,5.77,1.28,0.06
592273.687000,-0.938,0.071,-0.338,11.23,-2.84,-1.8
592273.734000,-0.943,0.041,-0.366,5.52,-1.92,0.79
592273.781000,-0.941,0.018,-0.336,-4.27,0.27,-0.15
592273.828000,-0.941,0.028,-0.334,-3.54,-0.12,0.95
592273.875000,-0.936,0.024,-0.31,-1.04,0.85,1.65
592273.921000,-0.924,0.028,-0.32,-2.96,0.67,-1.04
592273.968000,-0.935,0.038,-0.314,-1.31,2.44,0.37
592274.015000,-0.942,0.041,-0.324,1.13,1.16,-2.2
592274.062000,-0.93,0.062,-0.346,0.73,3.6,-2.29
592274.109000,-0.916,0.075,-0.353,-2.17,3.6,-0.4
592274.156000,-0.931,0.059,-0.35,2.2,0.06,1.37
592274.203000,-0.938,0.039,-0.331,2.14,-0.31,1.56
592274.250000,-0.924,0.044,-0.334,0.52,-0.64,-0.15
592274.296000,-0.932,0.051,-0.34,1.07,0.21,2.5
592274.343000,-0.941,0.044,-0.322,0.92,0.89,2.2
592274.390000,-0.933,0.034,-0.335,1.98,-0.46,1.65
592274.437000,-0.937,0.055,-0.335,1.56,0.61,1.01
592274.484000,-0.94,0.035,-0.343,0.95,0.18,2.41
592274.531000,-0.93,0.053,-0.343,1.07,-0.31,1.4
592274.578000,-0.937,0.053,-0.333,-0.37,-0.12,1.43
592274.625000,-0.934,0.057,-0.343,0.18,0.06,2.17
592274.671000,-0.93,0.053,-0.341,0.52,0.37,2.26
592274.718000,-0.935,0.057,-0.337,-0.09,1.37,1.8
592274.765000,-0.937,0.054,-0.34,0.03,1.89,2.72
592274.812000,-0.931,0.051,-0.345,1.07,0.82,1.5
592274.859000,-0.931,0.059,-0.341,-0.64,1.5,1.68
592274.906000,-0.923,0.04,-0.342,-1.71,1.43,0.46
592274.953000,-0.928,0.054,-0.346,-2.32,0.4,0.03
592275.000000,-0.944,0.051,-0.335,-4.03,1.37,-0.09
592275.046000,-0.934,0.06,-0.333,-1.56,0.55,-2.01
592275.093000,-0.918,0.078,-0.349,-2.5,0.95,-1.25
592275.140000,-0.927,0.063,-0.35,-3.6,1.1,-0.64
592275.187000,-0.936,0.047,-0.353,-4.49,1.04,-1.25
592275.234000,-0.946,0.051,-0.349,-4.15,1.25,-2.99
592275.281000,-0.945,0.055,-0.345,-1.56,0.12,-3.05
592275.328000,-0.934,0.055,-0.341,2.14,0.15,-2.38
592275.375000,-0.925,0.062,-0.345,-0.4,0.24,-3.33
592275.421000,-0.923,0.069,-0.354,1.92,-0.21,-2.81
592275.468000,-0.924,0.07,-0.348,0.89,1.4,-1.34
592275.515000,-0.932,0.053,-0.347,1.19,1.22,-0.31
592275.562000,-0.928,0.059,-0.34,2.08,1.62,-0.15
592275.609000,-0.931,0.057,-0.338,-0.27,1.25,-0.37
592275.656000,-0.931,0.048,-0.343,0.76,0.98,0.7
592275.703000,-0.931,0.04,-0.342,1.43,1.22,0.15
592275.750000,-0.937,0.041,-0.336,1.46,1.25,-0.67
592275.796000,-0.927,0.048,-0.345,2.38,-0.52,-0.34
592275.843000,-0.926,0.05,-0.336,0.55,0.4,-0.55
592275.890000,-0.935,0.047,-0.341,0.12,-0.34,-0.18
592275.937000,-0.939,0.042,-0.337,0.09,-0.24,-0.15
592275.984000,-0.932,0.046,-0.348,-0.06,-1.07,-1.62
592276.031000,-0.929,0.05,-0.356,0.4,-0.52,-0.43
592276.078000,-0.932,0.043,-0.353,1.19,-0.03,-0.37
592276.125000,-0.929,0.048,-0.353,0.7,0.18,-0.4
592276.171000,-0.926,0.045,-0.352,0.31,0.37,0.52
592276.218000,-0.932,0.045,-0.344,1.01,0.73,0.43
592276.265000,-0.93,0.048,-0.339,1.65,-0.24,1.13
592276.312000,-0.933,0.048,-0.338,0.73,0.31,1.04
592276.359000,-0.935,0.046,-0.338,0.85,-0.49,1.65
592276.406000,-0.941,0.045,-0.338,1.1,-0.15,1.62
592276.453000,-0.929,0.03,-0.349,1.22,-1.01,1.04
592276.500000,-0.929,0.035,-0.358,1.19,0.82,-0.03
592276.546000,-0.938,0.035,-0.352,0.82,-0.43,0.43
592276.593000,-0.932,0.04,-0.345,-0.24,0.34,-0.92
592276.640000,-0.933,0.048,-0.337,0.7,0.43,-0.18
592276.687000,-0.935,0.045,-0.337,-0.64,0.64,-0.31
592276.734000,-0.931,0.048,-0.34,0.4,0.21,0.03
592276.781000,-0.935,0.041,-0.34,0.37,0.24,0.24
592276.828000,-0.937,0.038,-0.344,0.18,0.37,0.27
592276.890000,-0.932,0.04,-0.35,0.34,0.12,0.06
592276.937000,-0.93,0.044,-0.347,0.7,-0.24,-0.37
592276.984000,-0.929,0.045,-0.342,0.76,-0.15,0.03
592277.031000,-0.932,0.046,-0.339,0.7,0.34,0.18
592277.078000,-0.933,0.042,-0.334,0.64,0.4,0.49
592277.125000,-0.933,0.038,-0.337,-0.49,0.18,0.7
592277.171000,-0.942,0.043,-0.337,0.27,0.15,0.58
592277.218000,-0.93,0.033,-0.346,-0.55,-0.49,0.31
592277.265000,-0.928,0.046,-0.347,-0.15,0.18,-0.09
592277.312000,-0.936,0.04,-0.347,0.09,-0.03,1.19
592277.359000,-0.94,0.04,-0.339,-0.06,-0.03,-0.24
592277.406000,-0.926,0.05,-0.343,-0.18,-0.18,0.21
592277.453000,-0.932,0.043,-0.336,0.18,0.64,0.67
592277.500000,-0.934,0.034,-0.337,-0.09,-0.09,0.18
592277.546000,-0.935,0.042,-0.343,0.03,0.43,-0.24
592277.593000,-0.934,0.042,-0.343,0.89,-0.18,0.37
592277.640000,-0.934,0.044,-0.338,0.49,-0.06,0.34
592277.687000,-0.933,0.044,-0.339,1.01,-0.67,0.24
592277.734000,-0.934,0.043,-0.336,0.49,-0.27,0.24
592277.781000,-0.934,0.038,-0.336,0.7,-0.31,0.7
592277.828000,-0.936,0.04,-0.336,0.27,0.03,0.43
592277.875000,-0.934,0.044,-0.337,0.49,-0.03,0.37
592277.921000,-0.934,0.04,-0.341,0.18,0.49,0.64
592277.968000,-0.942,0.044,-0.338,0.06,0.52,0.58
592278.015000,-0.93,0.038,-0.342,0.52,-0.34,0.21
592278.062000,-0.932,0.048,-0.337,2.2,-0.52,-0.21
592278.109000,-0.941,0.04,-0.333,0.92,-0.12,0.43
592278.156000,-0.934,0.047,-0.334,0.89,-0.4,-0.21
592278.203000,-0.934,0.048,-0.332,-1.28,0.37,0.61
592278.250000,-0.939,0.043,-0.331,-0.79,0.12,0.58
592278.296000,-0.933,0.046,-0.34,-0.55,0.09,0.43
592278.343000,-0.934,0.052,-0.338,0.31,0.37,0.73
592278.390000,-0.938,0.047,-0.341,1.19,-0.12,1.25
592278.437000,-0.939,0.046,-0.34,-0.03,0.46,0.58
592278.500000,-0.934,0.046,-0.343,-1.1,0.15,0.34
592278.546000,-0.932,0.042,-0.339,-1.13,1.01,0.43
592278.593000,-0.931,0.044,-0.342,-0.43,1.13,0.34
592278.640000,-0.936,0.046,-0.333,-0.46,1.71,0.27
592278.687000,-0.939,0.048,-0.33,-1.16,1.4,0.24
592278.734000,-0.94,0.05,-0.332,-0.43,0.64,-0.52
592278.781000,-0.936,0.051,-0.336,-0.95,0.7,-0.06
592278.828000,-0.926,0.048,-0.344,-0.24,0.24,-0.03
592278.875000,-0.934,0.054,-0.341,-0.12,1.22,0.24
592278.921000,-0.936,0.043,-0.341,-1.07,1.13,0.34
592278.968000,-0.927,0.04,-0.344,-0.67,1.13,-0.4
592279.015000,-0.927,0.051,-0.344,0.73,1.68,0.0
592279.062000,-0.933,0.049,-0.331,0.73,1.19,0.4
592279.109000,-0.932,0.057,-0.336,-0.31,1.1,0.0
592279.156000,-0.939,0.06,-0.328,0.76,0.4,0.43
592279.203000,-0.93,0.054,-0.334,0.12,-0.64,0.61
592279.250000,-0.93,0.063,-0.339,0.15,-0.4,0.7
592279.296000,-0.932,0.058,-0.345,-0.64,-0.55,1.83
592279.343000,-0.931,0.049,-0.349,-0.21,-0.37,1.65
592279.390000,-0.931,0.055,-0.349,-0.85,0.06,1.98
592279.437000,-0.931,0.042,-0.348,-2.14,0.98,1.95
592279.484000,-0.94,0.037,-0.346,-0.03,0.85,0.76
592279.531000,-0.936,0.048,-0.339,0.46,1.01,-0.27
592279.578000,-0.924,0.047,-0.336,2.01,0.46,-0.82
592279.625000,-0.926,0.064,-0.335,1.5,0.85,-1.13
592279.671000,-0.937,0.055,-0.334,0.24,0.34,-0.46
592279.718000,-0.938,0.058,-0.336,0.73,-0.49,-0.89
592279.765000,-0.929,0.061,-0.342,0.85,-0.58,-0.37
592279.812000,-0.934,0.052,-0.347,0.34,0.06,0.12
592279.859000,-0.926,0.049,-0.35,1.4,0.21,-0.58
592279.906000,-0.93,0.06,-0.343,1.56,0.64,-0.09
592279.953000,-0.935,0.049,-0.338,1.4,-0.18,0.37
592280.000000,-0.938,0.054,-0.335,1.5,0.21,-0.15
592280.046000,-0.932,0.046,-0.344,1.46,0.18,0.31
592280.093000,-0.93,0.048,-0.343,1.34,0.0,0.24
592280.140000,-0.935,0.043,-0.346,1.31,0.24,0.27
592280.203000,-0.936,0.039,-0.344,0.46,0.61,0.0
592280.250000,-0.936,0.047,-0.343,0.55,0.12,-0.34
592280.296000,-0.934,0.045,-0.338,0.18,0.61,-0.15
592280.343000,-0.933,0.05,-0.342,0.58,0.58,-0.09
592280.390000,-0.931,0.043,-0.345,-0.4,0.7,-0.18
592280.437000,-0.932,0.044,-0.338,0.43,0.27,-0.15
592280.484000,-0.933,0.038,-0.342,-0.79,0.64,-0.21
592280.531000,-0.938,0.044,-0.34,0.31,0.67,0.21
592280.578000,-0.928,0.045,-0.343,-0.46,0.21,-0.12
592280.625000,-0.934,0.049,-0.341,-0.31,0.43,0.49
592280.671000,-0.935,0.04,-0.343,-0.64,0.64,0.09
592280.718000,-0.93,0.05,-0.343,0.06,0.34,-0.09
592280.765000,-0.933,0.045,-0.344,0.76,0.09,0.52
592280.812000,-0.936,0.043,-0.346,-0.37,0.64,-0.34
592280.875000,-0.931,0.047,-0.342,0.61,0.03,0.03
592280.921000,-0.933,0.042,-0.345,-0.06,0.49,-0.03
592280.968000,-0.935,0.05,-0.337,0.95,-0.06,0.18
592281.015000,-0.931,0.048,-0.341,0.0,0.21,0.0
592281.062000,-0.931,0.05,-0.342,0.21,0.46,0.4
592281.109000,-0.932,0.043,-0.352,0.12,0.15,0.52
592281.156000,-0.941,0.051,-0.344,-0.06,0.43,0.06
592281.203000,-0.932,0.037,-0.345,-1.68,0.34,0.58
592281.250000,-0.928,0.05,-0.346,-2.29,0.43,-0.03
592281.296000,-0.933,0.046,-0.345,-1.92,0.18,0.18
592281.343000,-0.938,0.046,-0.344,-2.59,0.58,-0.37
592281.390000,-0.933,0.05,-0.343,-1.31,0.46,-0.09
592281.437000,-0.934,0.05,-0.339,-1.83,0.73,0.03
592281.484000,-0.932,0.047,-0.34,-1.34,0.06,-0.46
592281.531000,-0.936,0.051,-0.338,-0.46,0.61,-0.37
592281.578000,-0.932,0.053,-0.343,0.31,0.09,-0.27
592281.625000,-0.93,0.056,-0.34,0.31,0.27,0.06
592281.671000,-0.929,0.053,-0.342,-0.03,0.37,0.18
592281.718000,-0.929,0.051,-0.341,0.82,0.15,0.61
592281.781000,-0.93,0.053,-0.342,0.7,0.21,0.98
592281.828000,-0.937,0.048,-0.338,0.24,0.43,0.79
592281.875000,-0.934,0.042,-0.344,1.28,0.18,0.7
592281.921000,-0.928,0.049,-0.344,0.24,0.31,0.03
592281.968000,-0.933,0.058,-0.344,0.58,0.37,0.31
592282.015000,-0.94,0.054,-0.339,0.4,0.49,1.22
592282.062000,-0.927,0.052,-0.345,-0.37,0.12,0.15
592282.109000,-0.931,0.054,-0.347,0.46,0.37,0.82
592282.156000,-0.94,0.045,-0.338,-0.03,0.46,0.76
592282.203000,-0.93,0.048,-0.341,0.4,0.27,0.43
592282.250000,-0.928,0.057,-0.343,-0.34,0.34,-0.09
592282.296000,-0.936,0.056,-0.343,0.27,0.43,0.79
592282.343000,-0.932,0.049,-0.347,-0.27,0.24,0.12
592282.390000,-0.931,0.058,-0.347,-0.09,0.92,0.12
592282.437000,-0.936,0.053,-0.348,1.34,0.15,1.31
592282.484000,-0.931,0.052,-0.341,1.34,0.49,0.21
592282.531000,-0.926,0.057,-0.348,0.95,0.27,0.7
592282.578000,-0.931,0.057,-0.342,-0.89,0.37,0.85
592282.625000,-0.934,0.048,-0.343,0.18,0.46,0.95
592282.671000,-0.935,0.043,-0.345,-0.4,0.67,0.79
592282.718000,-0.931,0.047,-0.351,-0.4,0.55,-0.12
592282.765000,-0.931,0.047,-0.344,-0.82,0.27,-0.52
592282.812000,-0.932,0.059,-0.344,-0.55,0.24,-0.34
592282.859000,-0.934,0.061,-0.345,-1.01,0.79,-0.55
592282.906000,-0.932,0.059,-0.346,-0.15,0.09,0.43
592282.953000,-0.925,0.059,-0.346,-0.46,0.64,-0.06
592283.000000,-0.938,0.059,-0.349,0.55,0.21,-0.4
592283.046000,-0.935,0.061,-0.349,0.92,0.06,0.18
592283.093000,-0.923,0.064,-0.341,0.98,-0.09,0.24
592283.140000,-0.923,0.065,-0.35,-1.07,0.09,1.13
592283.187000,-0.933,0.05,-0.34,-2.53,0.52,1.59
592283.250000,-0.943,0.033,-0.339,-1.95,0.49,0.18
592283.296000,-0.933,0.054,-0.351,-1.28,-0.79,-1.25
592283.343000,-0.908,0.027,-0.417,-6.84,14.19,-7.26
592283.390000,-0.811,0.075,-0.616,-18.31,89.33,-12.57
592283.437000,-0.826,0.111,-0.695,-85.97,182.5,-29.57
592283.484000,-0.742,0.15,-0.826,-32.59,162.27,12.36
592283.531000,-0.583,0.073,-1.164,-167.24,317.79,-20.2
592283.578000,-0.673,0.222,-0.69,-87.25,143.71,-82.55
592283.625000,-0.523,0.14,-0.771,-89.63,174.63,-37.2
592283.671000,-0.35,0.352,-0.89,-35.58,47.79,10.77
592283.718000,-0.376,0.191,-0.813,-23.32,61.86,13.4
592283.765000,-0.357,0.373,-0.887,-1.01,16.27,33.69
592283.812000,-0.346,0.22,-0.838,-13.79,45.84,32.75
592283.859000,-0.402,0.355,-0.779,9.46,0.46,34.7
592283.906000,-0.318,0.312,-0.831,-16.94,26.28,8.39
592283.953000,-0.327,0.359,-0.802,-8.12,-1.95,10.22
592284.000000,-0.213,0.348,-0.895,-21.52,-7.72,1.53
592284.046000,-0.266,0.396,-0.858,-11.81,-8.09,-12.88
592284.093000,-0.242,0.397,-0.855,-13.09,-4.18,-7.84
592284.140000,-0.228,0.408,-0.863,-3.42,-24.41,4.12
592284.187000,-0.206,0.402,-0.913,-3.14,-17.03,4.3
592284.234000,-0.233,0.398,-0.903,-1.5,-3.72,1.92
592284.281000,-0.249,0.401,-0.869,3.6,-10.77,6.32
592284.328000,-0.229,0.397,-0.887,-0.27,-5.74,-0.49
592284.375000,-0.273,0.408,-0.847,4.27,-9.0,6.38
592284.421000,-0.279,0.388,-0.86,-0.58,2.08,0.03
592284.468000,-0.295,0.391,-0.84,0.12,-1.19,1.1
592284.515000,-0.277,0.387,-0.872,0.64,-5.52,2.72
592284.562000,-0.287,0.391,-0.861,-1.68,0.79,-1.4
592284.609000,-0.28,0.398,-0.861,2.11,-5.46,2.53
592284.656000,-0.298,0.4,-0.852,0.95,-1.46,-1.16
592284.703000,-0.264,0.402,-0.877,3.23,-6.47,1.34
592284.750000,-0.292,0.412,-0.842,0.7,0.95,-3.48
592284.796000,-0.288,0.415,-0.852,3.51,-10.68,3.48
592284.843000,-0.276,0.388,-0.852,3.33,-7.57,3.97
592284.890000,-0.316,0.388,-0.818,6.99,-11.63,3.14
592284.937000,-0.426,0.35,-0.693,39.58,-52.16,14.5
592284.984000,-0.371,0.48,-0.965,46.48,-125.8,49.93
592285.031000,-0.394,0.25,-0.847,27.65,-88.63,54.41
592285.078000,-0.604,0.486,-0.855,-0.24,-112.09,14.44
592285.125000,-0.628,0.358,-0.706,-30.95,-130.68,90.18
592285.171000,-0.478,0.407,-0.776,20.78,-77.82,21.85
592285.218000,-0.613,0.293,-0.485,-2.53,17.43,-61.65
592285.281000,-0.986,0.412,-0.622,6.16,-26.98,-211.0
592285.328000,-1.133,0.266,-0.646,-1.83,-143.62,-161.81
592285.375000,-1.121,0.184,-0.667,33.36,-175.27,-144.72
592285.421000,-0.837,0.037,-0.785,78.1,-82.22,-87.86
592285.468000,-0.862,0.037,-0.845,87.59,15.75,-109.93
592285.515000,-1.023,-0.082,-0.367,14.1,30.85,-123.78
592285.562000,-0.77,-0.043,-0.395,-55.97,-4.94,-103.31
592285.609000,-0.841,-0.386,-0.17,-128.45,-42.76,-75.93
592285.656000,-0.469,-0.549,-0.598,-194.04,-30.34,-85.73
592285.703000,-0.592,-0.687,-0.564,-142.06,107.88,-92.59
592285.750000,-0.334,-0.618,-0.809,4.67,-9.06,-66.26
592285.796000,-0.339,-0.115,-0.767,-7.11,91.53,-22.71
592285.859000,-0.721,0.055,-0.461,-91.46,41.87,-34.06
592285.906000,-0.594,-0.403,-1.027,7.69,118.29,-69.28
592285.953000,-0.644,-0.573,-0.614,20.36,138.98,-135.87
592286.000000,-0.401,-0.043,-0.647,7.02,70.8,-121.49
592286.046000,-0.573,-0.167,-0.353,-3.27,-34.46,-32.62
592286.093000,-0.244,-0.599,-1.156,7.39,-35.13,-0.24
592286.140000,-0.5,-0.466,-0.748,-10.1,-9.55,-16.54
592286.187000,-0.432,-0.407,-0.895,-7.23,-3.05,-8.58
592286.234000,-0.413,-0.429,-0.728,7.87,3.45,2.87
592286.281000,-0.306,-0.485,-0.86,7.02,2.72,3.02
592286.328000,-0.369,-0.414,-0.782,-1.4,1.46,-4.76
592286.375000,-0.4,-0.46,-0.778,2.9,6.87,-1.56
592286.421000,-0.349,-0.487,-0.85,5.19,3.63,2.41
592286.468000,-0.332,-0.469,-0.819,-2.56,-2.53,-0.79
592286.515000,-0.374,-0.45,-0.782,-2.59,-0.49,-1.65
592286.562000,-0.372,-0.445,-0.795,0.21,-0.15,0.52
592286.609000,-0.363,-0.465,-0.803,2.47,0.49,3.78
592286.656000,-0.368,-0.459,-0.804,-1.31,2.2,2.26
592286.703000,-0.363,-0.463,-0.804,0.49,3.23,4.24
592286.750000,-0.37,-0.451,-0.792,0.73,5.1,4.21
592286.796000,-0.36,-0.451,-0.811,2.23,5.04,6.2
592286.843000,-0.349,-0.449,-0.806,-0.49,1.89,6.81
592286.890000,-0.347,-0.465,-0.79,1.07,2.62,5.86
592286.937000,-0.358,-0.439,-0.797,2.93,4.09,5.16
592286.984000,-0.355,-0.466,-0.821,1.77,4.3,6.1
592287.031000,-0.34,-0.451,-0.807,2.11,2.56,7.02
592287.078000,-0.339,-0.474,-0.841,-3.2,1.4,6.44
592287.125000,-0.36,-0.448,-0.803,-9.13,4.33,0.49
592287.171000,-0.348,-0.434,-0.831,-3.02,3.72,3.63
592287.218000,-0.334,-0.438,-0.808,-1.1,0.85,3.08
592287.265000,-0.326,-0.437,-0.818,-4.24,-2.2,-2.62
592287.312000,-0.363,-0.428,-0.782,-2.26,-3.36,-3.69
592287.359000,-0.343,-0.455,-0.831,1.65,-3.36,-1.19
592287.406000,-0.324,-0.433,-0.823,-1.16,-3.72,-2.75
592287.453000,-0.355,-0.431,-0.808,-4.61,-4.18,-3.69
592287.500000,-0.363,-0.416,-0.8,-0.12,-1.65,-1.34
592287.546000,-0.354,-0.439,-0.826,-2.78,-1.95,-4.09
592287.593000,-0.368,-0.418,-0.82,-3.42,-2.99,-4.88
592287.640000,-0.378,-0.436,-0.809,-4.39,-2.75,-6.32
592287.687000,-0.37,-0.416,-0.808,-1.74,-3.63,-4.76
592287.734000,-0.377,-0.441,-0.818,-2.72,-2.29,-4.88
592287.781000,-0.39,-0.421,-0.804,-0.03,-2.04,-1.65
592287.828000,-0.384,-0.439,-0.817,-0.09,-1.74,-0.52
592287.890000,-0.383,-0.422,-0.806,3.08,-0.52,3.14
592287.937000,-0.373,-0.448,-0.815,2.14,1.86,4.24
592287.984000,-0.367,-0.438,-0.818,2.69,2.5,5.62
592288.031000,-0.368,-0.434,-0.801,2.23,2.72,4.79
592288.078000,-0.357,-0.433,-0.805,2.04,3.2,4.12
592288.125000,-0.357,-0.445,-0.821,1.74,3.45,3.94
592288.171000,-0.359,-0.444,-0.816,0.24,4.7,2.08
592288.218000,-0.362,-0.436,-0.822,1.34,4.33,2.99
592288.265000,-0.349,-0.429,-0.808,1.25,3.66,2.08
592288.312000,-0.351,-0.438,-0.816,1.89,3.08,1.68
592288.359000,-0.36,-0.44,-0.809,1.37,3.48,-0.58
592288.406000,-0.355,-0.431,-0.813,1.4,2.9,0.21
592288.453000,-0.365,-0.444,-0.817,0.55,2.38,-0.76
592288.500000,-0.364,-0.439,-0.813,1.25,2.29,-0.52
592288.546000,-0.352,-0.451,-0.811,-0.18,0.46,-1.74
592288.593000,-0.364,-0.44,-0.79,0.46,0.49,-2.17
592288.640000,-0.362,-0.446,-0.808,1.07,-1.46,-2.38
592288.687000,-0.369,-0.45,-0.8,2.01,-2.47,-2.78
592288.734000,-0.36,-0.46,-0.813,2.01,-2.99,-2.17
592288.781000,-0.355,-0.445,-0.815,3.05,-1.04,-1.98
592288.828000,-0.348,-0.458,-0.815,0.64,0.24,-3.2
592288.875000,-0.36,-0.447,-0.811,0.7,2.01,-3.3
592288.921000,-0.357,-0.434,-0.778,3.78,2.41,-1.34
592288.968000,-0.334,-0.468,-0.803,5.19,4.36,-2.44
592289.015000,-0.353,-0.459,-0.812,1.65,-1.31,-1.77
592289.062000,-0.349,-0.46,-0.816,1.25,-4.33,1.74
592289.109000,-0.349,-0.46,-0.821,-2.14,-2.99,-1.59
592289.156000,-0.364,-0.449,-0.798,0.89,1.1,-0.49
592289.203000,-0.34,-0.475,-0.796,4.12,3.14,0.4
592289.250000,-0.338,-0.468,-0.809,3.14,3.57,-1.98
592289.296000,-0.35,-0.475,-0.801,1.53,2.41,-2.47
592289.343000,-0.356,-0.47,-0.783,4.76,2.41,0.4
592289.390000,-0.335,-0.477,-0.792,6.35,1.25,0.85
592289.437000,-0.315,-0.48,-0.798,6.44,0.92,-1.86
592289.484000,-0.322,-0.508,-0.825,6.9,9.28,-16.33
592289.531000,-0.352,-0.504,-0.82,3.75,8.7,-16.85
592289.578000,-0.341,-0.504,-0.766,2.2,5.52,-10.53
592289.625000,-0.319,-0.487,-0.783,4.76,3.6,-3.36
592289.671000,-0.308,-0.524,-0.805,2.26,2.29,-0.85
592289.718000,-0.305,-0.478,-0.779,2.59,3.57,-0.64
592289.765000,-0.302,-0.522,-0.798,1.37,0.49,1.65
592289.812000,-0.321,-0.502,-0.784,-0.21,1.89,0.46
592289.859000,-0.306,-0.511,-0.794,0.24,1.31,2.5
592289.906000,-0.304,-0.507,-0.788,0.24,0.7,2.69
592289.953000,-0.31,-0.516,-0.809,0.34,0.85,3.14
592290.000000,-0.306,-0.507,-0.793,-2.11,-0.34,3.42
592290.046000,-0.317,-0.507,-0.796,-0.12,3.05,2.26
592290.093000,-0.306,-0.508,-0.797,-1.13,1.5,3.6
592290.140000,-0.305,-0.514,-0.801,-1.13,1.65,2.84
592290.187000,-0.308,-0.498,-0.791,-1.01,1.89,2.81
592290.234000,-0.3,-0.505,-0.803,-0.85,0.89,3.97
592290.281000,-0.3,-0.503,-0.806,-1.43,1.62,1.68
592290.328000,-0.314,-0.494,-0.803,-2.78,-0.06,1.95
592290.375000,-0.315,-0.493,-0.786,-1.56,0.24,3.48
592290.421000,-0.294,-0.506,-0.814,1.22,2.72,2.26
592290.468000,-0.292,-0.493,-0.8,0.37,2.81,-1.16
592290.515000,-0.307,-0.505,-0.809,-0.76,-0.31,-1.98
592290.562000,-0.302,-0.498,-0.803,-1.01,-1.25,-0.98
592290.609000,-0.301,-0.501,-0.811,-1.5,-1.46,-0.95
592290.656000,-0.305,-0.486,-0.802,-0.09,-1.16,-0.06
592290.703000,-0.299,-0.501,-0.805,-0.73,-0.73,-1.4
592290.765000,-0.313,-0.487,-0.798,-0.31,-0.7,-1.46
592290.812000,-0.311,-0.504,-0.801,0.79,0.03,-0.46
592290.859000,-0.303,-0.495,-0.801,0.67,0.58,-0.31
592290.906000,-0.31,-0.496,-0.798,0.95,0.79,0.06
592290.953000,-0.309,-0.499,-0.803,1.19,0.85,0.95
592291.000000,-0.308,-0.503,-0.8,1.5,1.04,1.31
592291.046000,-0.308,-0.495,-0.803,1.68,1.5,1.68
592291.093000,-0.31,-0.5,-0.796,1.4,1.5,1.62
592291.140000,-0.302,-0.499,-0.802,0.85,1.1,1.68
592291.187000,-0.31,-0.505,-0.8,0.49,1.31,1.16
592291.234000,-0.305,-0.495,-0.796,1.34,1.4,1.59
592291.281000,-0.299,-0.51,-0.804,0.73,0.92,1.68
592291.328000,-0.308,-0.493,-0.798,1.13,0.85,0.98
592291.375000,-0.273,-0.513,-0.862,11.17,-2.23,2.17
592291.421000,-0.305,-0.514,-0.802,2.2,0.61,0.79
592291.468000,-0.308,-0.519,-0.805,-0.27,-0.34,-0.52
592291.515000,-0.305,-0.508,-0.795,-0.06,-0.58,-0.31
592291.562000,-0.307,-0.508,-0.793,-1.22,-1.04,-1.01
592291.609000,-0.317,-0.512,-0.79,-0.76,-0.98,0.03
592291.656000,-0.315,-0.509,-0.788,-0.21,-0.15,0.4
592291.703000,-0.305,-0.511,-0.796,-0.06,-0.15,0.92
592291.750000,-0.31,-0.508,-0.792,-0.82,-0.34,0.18
592291.796000,-0.316,-0.508,-0.788,-0.09,0.27,0.46
592291.843000,-0.315,-0.507,-0.793,0.89,0.73,1.31
592291.890000,-0.312,-0.515,-0.792,-0.64,0.55,0.82
592291.937000,-0.308,-0.497,-0.789,0.95,0.82,1.4
592291.984000,-0.311,-0.511,-0.804,-0.55,-0.15,0.95
592292.031000,-0.316,-0.505,-0.782,-0.4,0.21,0.76
592292.078000,-0.302,-0.516,-0.798,-0.34,-0.12,0.58
592292.125000,-0.309,-0.5,-0.791,-0.12,-0.18,-0.03
592292.171000,-0.311,-0.514,-0.799,-0.7,-0.37,-0.21
592292.218000,-0.31,-0.511,-0.795,-1.25,-0.73,-0.55
592292.265000,-0.318,-0.506,-0.793,-1.34,-0.49,-0.92
592292.312000,-0.312,-0.504,-0.791,-0.03,-0.46,-0.52
592292.359000,-0.315,-0.507,-0.791,-0.46,-0.52,-0.67
592292.406000,-0.317,-0.502,-0.787,0.67,-0.03,-0.12
592292.453000,-0.313,-0.514,-0.799,-0.18,-0.49,-0.09
592292.500000,-0.322,-0.501,-0.788,-0.37,-0.76,0.76
592292.546000,-0.319,-0.506,-0.794,-2.35,-2.32,2.11
592292.593000,-0.325,-0.506,-0.795,-0.67,-1.13,1.95
592292.640000,-0.318,-0.509,-0.791,-0.4,-1.19,2.08
592292.687000,-0.314,-0.499,-0.785,1.77,-0.03,1.77
592292.734000,-0.322,-0.506,-0.792,0.58,-0.09,0.37
592292.781000,-0.328,-0.503,-0.791,1.37,0.92,0.0
592292.828000,-0.329,-0.51,-0.791,0.7,0.98,0.52
592292.875000,-0.319,-0.507,-0.796,0.49,0.64,1.31
592292.921000,-0.323,-0.505,-0.779,0.49,0.92,1.07
592292.968000,-0.323,-0.51,-0.798,0.46,0.76,1.59
592293.015000,-0.337,-0.495,-0.785,-1.4,-1.92,2.9
592293.062000,-0.343,-0.501,-0.79,-1.46,-6.29,7.87
592293.109000,-0.357,-0.449,-0.778,1.89,-6.2,12.27
592293.156000,-0.372,-0.32,-0.798,5.68,-15.53,28.44
592293.203000,-0.424,-0.296,-0.68,11.47,-40.77,67.11
592293.250000,-0.544,-0.259,-0.577,44.47,-35.74,99.49
592293.296000,-0.486,-0.637,-0.738,52.8,-69.0,127.32
592293.343000,-0.514,-0.573,-0.76,55.33,-44.98,110.11
592293.390000,-0.406,-0.492,-0.824,84.02,-30.46,126.71
592293.437000,-0.418,-0.532,-0.754,119.54,70.13,106.33
592293.484000,-0.71,-0.552,-0.475,85.48,162.36,95.37
592293.531000,-0.821,-0.502,-0.341,94.24,84.2,88.96
592293.578000,-0.778,-0.549,-0.574,113.53,16.75,57.74
592293.625000,-0.716,-0.318,-0.58,57.95,24.35,20.75
592293.687000,-0.713,-0.436,-0.601,30.82,13.06,26.86
592293.734000,-0.741,-0.411,-0.589,28.66,-1.98,11.44
592293.781000,-0.709,-0.429,-0.652,-1.65,-20.17,-3.48
592293.828000,-0.67,-0.321,-0.665,-7.93,-22.1,1.01
592293.875000,-0.675,-0.39,-0.666,-12.7,-11.29,15.29
592293.921000,-0.671,-0.417,-0.604,4.09,-11.05,14.47
592293.968000,-0.683,-0.454,-0.565,11.47,-2.01,23.19
592294.015000,-0.741,-0.51,-0.602,5.19,-1.04,17.7
592294.062000,-0.748,-0.513,-0.576,12.7,5.22,17.37
592294.109000,-0.764,-0.461,-0.476,33.66,5.4,26.18
592294.171000,-0.721,-0.464,-0.501,14.04,-7.81,18.22
592294.218000,-0.694,-0.48,-0.553,-31.53,-10.47,-3.72
592294.265000,-0.676,-0.446,-0.577,-16.51,-7.42,1.19
592294.312000,-0.676,-0.402,-0.567,-0.79,1.95,11.51
592294.359000,-0.771,-0.443,-0.548,6.13,10.96,22.89
592294.406000,-0.791,-0.402,-0.519,11.2,6.32,18.68
592294.453000,-0.76,-0.336,-0.504,14.31,-0.61,22.8
592294.500000,-0.741,-0.278,-0.528,11.41,-0.58,25.57
592294.546000,-0.777,-0.319,-0.55,-0.09,6.59,26.28
592294.593000,-0.832,-0.346,-0.494,2.32,10.71,21.39
592294.640000,-0.817,-0.348,-0.507,6.2,5.16,21.49
592294.687000,-0.823,-0.326,-0.495,5.19,6.41,17.98
592294.734000,-0.79,-0.312,-0.49,8.76,0.7,19.38
592294.781000,-0.783,-0.368,-0.515,2.75,2.23,14.89
592294.828000,-0.801,-0.361,-0.543,6.93,3.69,6.32
592294.875000,-0.805,-0.324,-0.515,23.87,4.55,9.31
592294.921000,-0.787,-0.228,-0.482,32.07,-2.84,15.26
592294.968000,-0.773,-0.249,-0.464,10.35,-7.35,14.37
592295.015000,-0.803,-0.288,-0.521,-27.28,-18.71,-1.22
592295.062000,-0.75,-0.309,-0.528,-37.78,-24.32,-3.05
592295.109000,-0.755,-0.327,-0.541,-27.16,-24.38,-0.06
592295.156000,-0.789,-0.314,-0.553,-20.42,-19.07,-2.53
592295.203000,-0.805,-0.277,-0.542,-8.73,-14.77,3.02
592295.250000,-0.827,-0.289,-0.547,-9.8,-5.71,-3.05
592295.296000,-0.887,-0.266,-0.525,-2.75,5.31,-1.65
592295.343000,-0.899,-0.294,-0.497,2.04,9.55,-0.58
592295.390000,-0.912,-0.308,-0.443,15.99,11.11,-0.73
592295.437000,-0.826,-0.309,-0.41,26.12,7.72,-0.7
592295.484000,-0.79,-0.263,-0.408,23.93,6.44,-2.26
592295.531000,-0.809,-0.315,-0.416,17.64,8.06,3.11
592295.578000,-0.891,-0.467,-0.384,20.69,9.61,11.08
592295.625000,-0.946,-0.617,-0.377,43.7,-8.27,9.22
592295.671000,-0.908,-0.8,-0.441,47.43,-19.78,-29.33
592295.718000,-0.926,-0.99,-0.519,58.99,-15.29,-67.2
592295.781000,-0.971,-1.128,-0.447,100.8,-3.27,-104.37
592295.828000,-0.772,-0.915,-0.481,103.61,-13.79,-172.77
592295.875000,-0.645,-0.81,-0.446,91.16,34.0,-171.48
592295.921000,-0.763,-0.763,-0.176,253.3,-28.96,-65.86
592295.968000,-0.652,-0.6,-0.246,236.4,-28.9,-50.78
592296.015000,-0.84,-0.555,0.185,194.19,-7.02,-54.08
592296.062000,-0.595,-0.433,-0.022,178.32,-97.26,-0.15
592296.109000,-0.551,-0.431,0.077,89.3,-42.6,-38.03
592296.156000,-0.441,-0.639,0.173,50.84,-60.0,-13.0
592296.203000,-0.299,-0.568,0.169,83.41,-57.86,13.98
592296.250000,-0.271,-0.532,0.372,99.09,-26.98,60.18
592296.296000,-0.338,-0.655,0.54,87.41,-20.08,58.35
592296.343000,-0.454,-0.511,0.765,113.8,-31.13,92.07
592296.406000,-0.437,-0.516,0.767,104.5,-35.52,102.6
592296.453000,-0.564,-0.465,1.062,61.71,-20.42,34.55
592296.500000,-0.441,-0.42,1.02,52.64,-48.1,43.82
592296.546000,-0.35,-0.462,0.956,-2.96,-33.63,-17.46
592296.593000,-0.356,-0.423,0.956,27.19,-29.18,-5.19
592296.640000,-0.339,-0.362,0.909,31.77,-34.33,-9.16
592296.687000,-0.304,-0.254,0.844,32.65,-42.02,-11.32
592296.734000,-0.278,-0.179,0.842,21.3,-36.47,-18.98
592296.781000,-0.326,-0.134,0.888,33.6,-55.45,-4.27
592296.828000,-0.261,-0.099,0.81,9.64,-27.99,-2.29
592296.875000,-0.236,-0.106,0.892,8.3,-12.02,13.61
592296.921000,-0.228,-0.058,0.89,9.06,-11.11,19.65
592296.968000,-0.239,-0.107,0.97,-2.5,-7.29,25.61
592297.015000,-0.215,-0.144,0.97,-11.84,-6.29,30.24
592297.062000,-0.215,-0.261,0.978,-18.52,0.37,25.57
592297.109000,-0.211,-0.224,0.917,-19.38,3.14,21.52
592297.156000,-0.225,-0.226,1.021,-15.11,-8.58,23.5
592297.203000,-0.23,-0.229,0.915,-26.98,-0.34,23.41
592297.250000,-0.272,-0.294,0.928,-19.17,3.91,27.04
592297.296000,-0.261,-0.372,0.868,-14.31,1.28,26.25
592297.343000,-0.259,-0.322,0.907,3.54,-3.69,22.31
592297.390000,-0.207,-0.243,0.899,7.05,7.2,15.11
592297.437000,-0.171,-0.303,0.892,-16.11,27.86,10.5
592297.484000,-0.279,-0.358,0.955,7.45,8.24,12.51
592297.531000,-0.308,-0.352,1.05,-7.84,6.1,5.34
592297.578000,-0.305,-0.344,0.941,-13.37,-17.37,11.29
592297.625000,-0.238,-0.349,0.911,-7.51,6.53,2.17
592297.671000,-0.25,-0.279,1.066,37.87,-1.19,6.44
592297.718000,-0.244,-0.154,1.047,-4.73,20.75,-12.12
592297.765000,-0.305,-0.185,1.082,-6.47,0.76,5.1
592297.812000,-0.234,-0.488,1.104,-26.61,-18.89,-23.87
592297.859000,-0.316,-0.231,0.929,14.01,5.8,-3.51
592297.906000,-0.303,-0.146,1.003,12.18,-12.94,4.64
592297.953000,-0.256,-0.227,0.922,-24.14,-13.37,-11.96
592298.000000,-0.277,-0.204,0.993,-27.92,-0.64,-8.91
592298.046000,-0.215,-0.219,0.961,-27.95,-13.7,5.19
592298.093000,-0.17,-0.245,1.097,-16.75,-9.37,5.55
592298.140000,-0.209,-0.272,0.877,9.03,-0.06,10.5
592298.203000,-0.174,-0.27,0.881,-26.18,11.99,1.01
592298.250000,-0.256,-0.309,1.005,-10.68,-1.16,19.32
592298.296000,-0.25,-0.339,1.007,-34.06,1.62,9.64
592298.359000,-0.238,-0.415,0.85,-81.79,15.2,-3.27
592298.406000,-0.263,-0.751,0.974,-35.19,53.22,-37.63
592298.453000,-0.322,-1.361,0.57,-35.58,23.44,-75.2
592298.500000,-0.437,-1.296,0.245,-70.28,160.13,-218.67
592298.546000,-0.421,-0.771,0.169,1.34,147.71,-240.64
592298.593000,-0.485,-0.538,0.217,-50.42,271.8,-247.35
592298.640000,-0.755,-0.335,0.635,7.93,225.53,-153.69
592298.687000,-0.735,-0.244,0.652,34.42,172.03,-27.44
592298.734000,-0.817,-0.282,0.78,14.62,128.09,0.09
592298.781000,-0.788,-0.276,0.743,17.09,90.95,35.07
592298.828000,-0.72,-0.398,0.76,-11.78,64.82,50.39
592298.875000,-0.693,-0.538,0.678,-39.19,49.23,32.5
592298.921000,-0.681,-0.63,0.627,-47.18,21.76,30.18
592298.984000,-0.585,-0.845,0.413,-50.42,-0.43,35.16
592299.031000,-0.574,-0.943,0.362,-49.29,1.28,16.51
592299.078000,-0.547,-0.966,0.309,-59.14,24.38,-9.92
592299.125000,-0.584,-0.887,0.305,-26.92,1.43,-5.74
592299.171000,-0.581,-0.811,0.306,-27.41,-0.18,-11.69
592299.218000,-0.611,-0.823,0.281,-25.76,-13.92,-20.36
592299.265000,-0.584,-0.793,0.275,-22.95,-2.84,-23.29
592299.312000,-0.615,-0.742,0.316,17.49,-31.22,15.38
592299.359000,-0.539,-0.747,0.173,37.32,-32.2,38.51
592299.406000,-0.581,-0.735,0.287,8.79,1.83,7.93
592299.453000,-0.609,-0.74,0.307,-1.89,12.76,0.21
592299.500000,-0.603,-0.754,0.316,-0.46,13.18,5.92
592299.546000,-0.61,-0.764,0.331,0.76,13.49,-3.42
592299.593000,-0.623,-0.698,0.357,-4.18,5.71,1.07
592299.640000,-0.665,-0.72,0.371,-10.28,1.5,3.66
592299.687000,-0.672,-0.691,0.348,-14.25,-5.86,0.52
592299.734000,-0.694,-0.625,0.362,-20.84,-13.73,5.4
592299.781000,-0.673,-0.668,0.312,-26.95,-22.43,11.35
592299.828000,-0.562,-0.82,0.209,-39.61,-20.91,-2.17
592299.875000,-0.542,-0.84,0.193,-27.47,-12.02,-10.56
592299.921000,-0.544,-0.812,0.187,-5.62,-4.67,4.15
592299.968000,-0.607,-0.759,0.233,-9.67,-2.01,7.6
592300.015000,-0.676,-0.671,0.293,-18.34,-11.63,10.47
592300.062000,-0.74,-0.623,0.366,-29.69,-21.73,22.28
592300.109000,-0.758,-0.629,0.333,-36.41,-34.88,29.15
592300.156000,-0.77,-0.632,0.336,-49.96,-45.9,25.39
592300.203000,-0.798,-0.672,0.31,-46.66,-61.65,33.42
592300.250000,-0.777,-0.72,0.253,-41.2,-71.6,35.86
592300.296000,-0.681,-0.862,0.192,-34.18,-73.43,23.38
592300.343000,-0.587,-0.88,0.16,-18.95,-61.86,10.13
592300.390000,-0.555,-0.882,0.156,-13.61,-49.17,0.06
592300.437000,-0.492,-0.825,-0.15,-46.88,-33.97,-29.97
592300.484000,-0.565,-0.842,0.063,-55.7,-23.1,-66.77
592300.531000,-0.507,-0.752,0.104,-38.48,-19.14,-24.54
592300.578000,-0.539,-0.787,0.234,-38.61,-12.3,-16.45
592300.625000,-0.52,-0.806,0.227,-24.29,-9.4,-1.46
592300.671000,-0.523,-0.853,0.198,-10.16,0.09,11.66
592300.718000,-0.572,-0.813,0.213,0.4,-6.23,11.57
592300.765000,-0.587,-0.789,0.191,-3.51,-3.85,7.51
592300.812000,-0.561,-0.817,0.152,-11.54,-9.67,6.13
592300.859000,-0.466,-0.826,-0.0,-27.1,-21.36,2.69
592300.906000,-0.423,-0.773,-0.086,-49.32,-21.55,3.81
592300.953000,-0.445,-0.667,-0.107,-82.4,-64.88,15.08
592301.015000,-0.369,-0.583,-0.416,-103.4,-76.42,54.17
592301.062000,-0.549,-0.854,-0.235,14.8,104.53,54.84
592301.109000,-0.823,-0.924,0.021,127.08,142.86,87.56
592301.156000,-0.965,-0.763,0.287,138.52,148.5,44.89
592301.203000,-1.049,-0.726,0.509,118.5,126.29,20.69
592301.250000,-0.978,-0.588,0.492,114.87,54.9,15.35
592301.296000,-0.823,-0.494,0.455,89.85,-2.93,26.52
592301.343000,-0.799,-0.52,0.31,42.42,-30.67,5.92
592301.390000,-0.751,-0.521,0.246,38.09,-45.63,12.57
592301.437000,-0.706,-0.557,0.162,35.31,-43.95,18.52
592301.484000,-0.742,-0.553,0.194,38.48,-26.86,18.31
592301.531000,-0.778,-0.5,0.241,44.77,-20.39,27.92
592301.578000,-0.893,-0.568,0.356,51.67,-10.86,51.39
592301.625000,-0.837,-0.573,0.358,16.88,-23.8,21.73
592301.671000,-0.795,-0.559,0.336,-0.46,-22.86,9.86
592301.718000,-0.8,-0.54,0.352,15.81,-9.55,18.62
592301.765000,-0.813,-0.554,0.392,2.53,-8.03,10.74
592301.812000,-0.775,-0.501,0.371,-2.56,-6.9,-0.49
592301.859000,-0.789,-0.484,0.378,1.56,0.58,4.88
592301.906000,-0.843,-0.499,0.425,0.89,2.35,-1.16
592301.968000,-0.798,-0.436,0.397,-4.82,3.51,-2.47
592302.015000,-0.847,-0.483,0.451,-3.88,7.78,7.11
592302.062000,-0.819,-0.445,0.445,-11.96,-2.04,-2.26
592302.109000,-0.806,-0.442,0.408,-9.49,1.13,2.35
592302.156000,-0.869,-0.455,0.455,-0.27,4.88,15.66
592302.203000,-0.852,-0.445,0.426,-20.54,-11.66,0.12
592302.250000,-0.766,-0.417,0.337,-28.96,-16.6,-11.11
592302.296000,-0.786,-0.394,0.352,-11.69,8.42,7.23
592302.343000,-0.87,-0.481,0.397,-8.03,6.35,14.31
592302.390000,-0.817,-0.521,0.407,-18.13,-1.86,-3.14
592302.437000,-0.785,-0.463,0.344,-11.11,-7.9,-9.98
592302.484000,-0.796,-0.51,0.311,-7.51,6.01,2.44
592302.531000,-0.808,-0.534,0.323,-13.76,6.53,-2.56
592302.578000,-0.789,-0.589,0.352,-21.88,-6.56,-7.66
592302.625000,-0.786,-0.608,0.297,-19.07,-22.37,-11.23
592302.671000,-0.774,-0.616,0.225,-29.11,3.57,-25.91
592302.718000,-0.8,-0.554,0.317,-21.45,14.47,-23.19
592302.765000,-0.755,-0.528,0.335,-26.58,17.67,-13.09
592302.812000,-0.78,-0.54,0.381,-34.91,25.76,-13.12
592302.859000,-0.782,-0.472,0.428,-32.01,22.8,-0.27
592302.906000,-0.795,-0.428,0.43,-52.8,11.17,-3.54
592302.953000,-0.747,-0.418,0.311,-77.33,-16.14,-9.4
592303.000000,-0.79,-0.465,0.24,-50.39,4.79,14.98
592303.046000,-0.888,-0.525,0.288,-33.75,-5.49,32.29
592303.093000,-0.84,-0.549,0.219,-36.93,-18.86,20.91
592303.140000,-0.793,-0.603,0.121,-46.6,-20.17,13.0
592303.187000,-0.792,-0.675,0.044,-32.38,-23.62,20.36
592303.234000,-0.779,-0.692,0.012,-22.46,-14.86,17.09
592303.296000,-0.78,-0.657,0.022,-12.7,-3.72,18.52
592303.343000,-0.712,-0.61,0.037,-22.43,-14.34,12.21
592303.390000,-0.766,-0.641,0.081,-7.42,7.02,8.91
592303.437000,-0.917,-0.678,0.147,27.19,15.38,18.1
592303.484000,-0.953,-0.64,0.16,27.83,10.71,-7.17
592303.531000,-0.863,-0.648,0.087,7.84,-1.22,-29.63
592303.578000,-0.771,-0.659,0.026,13.52,2.69,-34.06
592303.625000,-0.754,-0.683,0.024,17.43,3.23,-31.16
592303.671000,-0.8,-0.707,0.023,10.47,11.96,-41.02
592303.734000,-0.805,-0.644,0.063,14.74,15.08,-42.18
592303.781000,-0.767,-0.652,0.048,5.83,16.6,-50.54
592303.828000,-0.745,-0.548,0.081,7.57,23.71,-48.13
592303.875000,-0.71,-0.517,0.17,22.03,19.81,-27.22
592303.921000,-0.698,-0.542,0.188,22.46,11.96,-11.35
592303.968000,-0.711,-0.675,0.19,22.74,8.97,1.71
592304.015000,-0.71,-0.823,0.193,30.55,6.99,-7.72
592304.062000,-0.655,-0.834,0.155,31.56,2.44,-18.95
592304.109000,-0.605,-0.861,0.133,36.84,0.03,-18.31
592304.156000,-0.529,-0.895,0.08,23.9,1.89,-28.08
592304.203000,-0.552,-0.938,0.116,8.06,11.51,-42.48
592304.250000,-0.582,-0.871,0.168,19.41,8.97,-37.63
592304.296000,-0.617,-0.791,0.201,5.1,12.21,-39.12
592304.343000,-0.62,-0.695,0.252,-8.61,4.18,-40.44
592304.390000,-0.513,-0.528,0.157,-28.75,-5.83,-30.58
592304.437000,-0.457,-0.558,0.165,-41.72,1.77,-14.25
592304.484000,-0.492,-0.674,0.209,-21.42,7.17,16.17
592304.531000,-0.483,-0.775,0.151,-7.51,2.41,30.21
592304.578000,-0.503,-0.787,0.139,-3.97,10.68,29.42
592304.625000,-0.584,-0.825,0.186,-5.89,6.71,34.76
592304.671000,-0.63,-0.918,0.152,-19.71,-5.58,27.62
592304.718000,-0.684,-0.96,0.119,-16.14,-11.9,12.7
592304.765000,-0.616,-0.896,0.048,-11.08,-13.0,-3.75
592304.812000,-0.643,-0.787,0.116,2.2,0.4,-2.47
592304.859000,-0.658,-0.744,0.108,-5.1,-9.77,1.4
592304.906000,-0.679,-0.809,0.044,-14.71,-9.74,-1.62
592304.968000,-0.617,-0.697,0.091,-1.37,-1.77,5.13
592305.015000,-0.672,-0.664,0.28,9.83,5.34,30.03
592305.062000,-0.703,-0.774,0.228,9.52,-24.84,23.87
592305.109000,-0.578,-0.754,0.159,4.27,-27.53,11.14
592305.156000,-0.677,-0.884,0.127,6.2,-25.82,22.68
592305.203000,-0.734,-0.954,0.012,-14.56,-18.46,-14.62
592305.250000,-0.625,-0.813,0.123,13.03,-3.14,-6.16
592305.296000,-0.611,-0.826,0.159,15.9,-2.84,-2.99
592305.343000,-0.622,-0.9,0.162,-3.3,-5.19,-32.72
592305.390000,-0.76,-0.858,0.183,21.7,11.38,-30.18
592305.437000,-0.716,-0.86,0.271,17.03,7.08,-32.62
592305.484000,-0.549,-0.828,0.234,2.38,-20.63,-30.37
592305.531000,-0.44,-0.957,0.115,-21.3,-23.04,-41.69
592305.578000,-0.515,-0.939,0.184,-21.0,6.84,-57.37
592305.625000,-0.536,-0.89,0.147,12.7,-5.71,-46.24
592305.671000,-0.451,-0.934,0.103,-8.64,2.96,-66.77
592305.718000,-0.401,-0.948,0.214,13.98,11.35,-60.3
592305.765000,-0.323,-1.015,0.246,48.19,-5.68,-44.98
592305.812000,-0.222,-0.954,0.264,28.96,18.98,-68.82
592305.859000,-0.298,-0.927,0.512,8.48,29.18,-83.07
592305.906000,-0.321,-0.927,0.527,-49.1,-1.74,-96.93
592305.953000,-0.371,-0.887,0.591,-146.73,-56.7,-156.22
592306.000000,-0.114,-0.866,0.172,-253.52,-115.6,-192.08
592306.046000,0.043,-0.69,-0.134,-281.17,-154.7,-199.53
592306.093000,0.114,-0.517,-0.445,-296.7,-109.65,-171.18
592306.140000,0.125,-0.334,-0.603,-215.49,-153.42,-125.34
592306.187000,0.22,-0.173,-0.928,-223.06,-142.8,-73.27
592306.234000,0.043,-0.226,-0.904,-207.43,-102.39,-100.04
592306.281000,-0.035,-0.098,-0.994,-86.79,-95.4,-61.22
592306.328000,0.002,-0.05,-1.096,-87.34,-78.59,-70.47
592306.375000,-0.017,0.154,-0.999,-40.13,-43.79,-47.36
592306.421000,-0.057,0.141,-0.978,-13.25,-45.93,-25.7
592306.468000,-0.071,0.091,-0.958,-15.05,-21.76,-10.32
592306.515000,-0.133,0.046,-0.894,-24.6,-11.6,-14.1
592306.562000,-0.161,0.032,-0.891,2.72,-19.56,-13.52
592306.609000,-0.168,0.036,-0.847,-8.21,-32.41,-16.63
592306.656000,-0.15,0.072,-0.875,-5.89,-66.41,-13.92
592306.703000,-0.208,0.067,-1.002,-29.18,-62.01,-10.83
592306.750000,-0.248,0.001,-1.051,-40.07,-57.41,-18.49
592306.796000,-0.244,0.057,-1.1,-3.39,-34.7,-21.39
592306.843000,-0.283,0.123,-0.972,-15.11,-9.46,-27.53
592306.890000,-0.256,0.141,-0.927,-0.73,-7.2,-15.96
592306.937000,-0.304,0.129,-0.872,-28.5,-0.92,-21.97
592306.984000,-0.323,0.11,-0.909,-16.72,-25.94,-12.54
592307.031000,-0.242,0.139,-0.934,7.17,-12.12,-9.46
592307.078000,-0.366,0.112,-0.821,-21.24,-1.4,-16.79
592307.125000,-0.378,0.085,-0.914,6.13,-13.61,-5.65
592307.171000,-0.421,0.148,-1.048,8.73,-0.43,-7.29
592307.218000,-0.338,0.183,-0.995,39.89,2.66,0.55
592307.265000,-0.307,0.174,-0.935,18.98,18.07,0.58
592307.312000,-0.32,0.021,-0.93,20.63,1.56,12.82
592307.375000,-0.324,-0.043,-1.064,25.54,19.44,7.66
592307.421000,-0.362,-0.016,-1.006,29.24,21.39,0.46
592307.468000,-0.297,0.013,-0.979,14.95,9.0,-4.15
592307.515000,-0.301,0.01,-0.921,-6.35,-3.42,-4.97
592307.562000,-0.304,-0.005,-0.893,0.49,-5.31,-0.21
592307.609000,-0.313,0.006,-0.844,8.12,-2.66,2.38
592307.656000,-0.332,0.034,-0.843,20.54,-12.97,13.79
592307.703000,-0.35,-0.032,-0.877,26.18,-29.05,17.09
592307.750000,-0.311,-0.045,-0.948,9.92,-16.3,0.95
592307.812000,-0.394,-0.039,-0.917,-0.34,-13.52,-1.07
592307.859000,-0.358,-0.02,-0.893,-1.8,-33.3,8.06
592307.906000,-0.352,0.004,-0.819,-4.52,-38.61,11.02
592307.953000,-0.347,-0.023,-0.791,-5.62,-39.25,18.98
592308.000000,-0.406,-0.095,-0.863,-4.52,-24.63,11.32
592308.062000,-0.497,-0.097,-0.959,5.43,-15.9,-3.75
592308.109000,-0.532,-0.008,-1.026,19.04,3.54,-22.0
592308.156000,-0.501,0.082,-0.99,29.51,8.82,-21.79
592308.203000,-0.444,0.118,-0.969,-4.94,14.59,-4.97
592308.250000,-0.443,-0.026,-0.892,-4.7,7.08,9.74
592308.296000,-0.442,-0.093,-0.927,-30.12,18.43,6.78
592308.343000,-0.515,-0.206,-0.911,-0.98,15.26,6.38
592308.390000,-0.475,-0.243,-0.877,46.24,28.2,-2.32
592308.437000,-0.318,-0.301,-0.797,133.49,38.21,-10.96
592308.484000,-0.494,-0.552,-0.631,174.78,93.26,-28.44
592308.531000,-0.337,-0.723,-0.674,202.55,22.19,-51.3
592308.578000,-0.034,-0.683,-0.924,308.76,97.14,-16.6
592308.625000,-0.181,-0.568,-0.721,280.43,126.71,1.65
592308.671000,0.108,-0.741,-0.829,295.36,105.44,70.68
592308.718000,-0.047,-0.81,-0.587,178.47,215.25,-1.53
592308.765000,-0.217,-1.09,-0.18,155.83,127.32,9.13
592308.812000,0.031,-1.224,-0.46,113.1,-1.8,3.63
592308.859000,0.083,-1.0,-0.175,48.13,25.91,-54.38
592308.906000,-0.017,-0.968,-0.088,-44.4,63.6,-70.41
592308.953000,-0.006,-0.91,-0.188,-32.11,79.96,-62.44
592309.000000,0.038,-0.928,-0.142,28.2,18.34,-47.03
592309.046000,-0.059,-1.001,-0.018,27.83,14.56,-11.17
592309.093000,0.127,-0.874,-0.045,7.23,-13.79,-44.37
592309.140000,0.123,-0.767,-0.002,-10.19,-33.11,-31.77
592309.203000,0.156,-0.848,-0.071,4.36,-16.66,13.28
592309.250000,0.23,-0.915,-0.13,9.43,17.33,-1.25
592309.296000,0.109,-0.946,0.059,-1.53,2.66,0.85
592309.343000,0.104,-0.908,-0.047,-58.84,-90.58,-26.76
592309.390000,0.256,-1.071,-0.103,-33.97,-52.03,1.68
592309.437000,0.29,-1.094,-0.179,-31.04,-19.07,-13.4
592309.484000,0.27,-0.956,-0.103,-2.9,13.15,9.7
592309.531000,0.206,-0.921,-0.128,9.83,17.73,32.47
592309.578000,0.076,-0.972,-0.178,16.57,10.13,35.16
592309.640000,0.089,-0.971,-0.216,19.14,-4.58,17.64
592309.687000,0.095,-0.93,-0.117,7.23,0.67,1.95
592309.734000,0.129,-0.982,-0.089,-1.28,8.88,0.55
592309.781000,0.149,-0.996,-0.074,1.43,16.17,-0.85
592309.828000,0.167,-1.036,-0.114,4.58,24.23,-7.26
592309.875000,0.154,-1.004,-0.103,3.63,22.95,-9.49
592309.921000,0.158,-0.972,-0.104,-2.78,18.49,-6.26
592309.968000,0.169,-0.955,-0.13,-13.55,-0.24,-0.73
592310.015000,0.173,-1.038,-0.153,-15.66,-22.92,5.1
592310.062000,0.016,-0.938,0.008,-10.35,-35.58,30.27
592310.109000,0.094,-0.943,-0.095,6.35,-53.9,47.52
592310.156000,-0.009,-0.954,0.032,70.99,3.66,36.59
592310.203000,0.032,-0.981,-0.012,111.73,-7.6,70.89
592310.250000,0.031,-0.993,0.026,117.16,17.79,74.13
592310.296000,-0.075,-1.082,0.141,73.89,13.7,51.27
592310.343000,-0.089,-1.048,0.143,52.8,-6.71,56.64
592310.390000,-0.235,-0.953,0.269,86.98,-53.53,134.71
592310.437000,-0.268,-0.847,0.349,113.65,-79.1,148.01
592310.484000,-0.253,-0.772,0.337,78.01,-28.26,94.58
592310.531000,-0.396,-0.733,0.495,61.62,44.16,53.53
592310.578000,-0.474,-0.764,0.511,-24.66,60.76,-5.92
592310.625000,-0.483,-0.827,0.441,-99.52,70.53,-86.0
592310.671000,-0.519,-1.129,0.337,-135.99,109.16,-191.41
592310.718000,-0.25,-1.16,0.041,-67.45,67.84,-166.17
592310.765000,-0.092,-1.117,0.107,-10.41,23.71,-117.4
592310.812000,-0.103,-1.033,0.18,-5.07,-10.32,-98.48
592310.859000,0.07,-1.021,0.085,13.86,-4.52,-82.03
592310.906000,0.108,-1.021,0.154,17.52,0.85,-42.91
592310.953000,0.088,-0.991,0.167,-0.61,7.87,-81.91
592311.000000,0.139,-0.88,0.155,-5.31,18.59,-68.3
592311.046000,0.218,-0.833,0.139,-6.04,16.6,-56.55
592311.093000,0.27,-0.727,0.091,-14.4,-6.62,-31.86
592311.140000,0.297,-0.757,0.09,-16.63,-14.34,-1.71
592311.187000,0.34,-0.798,0.108,-20.94,-30.98,20.84
592311.234000,0.214,-0.967,0.072,-7.32,-36.07,65.92
592311.281000,0.127,-1.083,0.097,-15.11,-24.63,42.79
592311.328000,0.128,-1.089,0.042,1.62,-9.13,17.94
592311.375000,0.21,-1.013,-0.054,5.49,11.6,3.69
592311.421000,0.258,-0.922,0.005,6.9,26.64,3.33
592311.468000,0.154,-0.891,0.11,-18.07,55.6,14.65
592311.515000,0.117,-1.066,0.154,-19.53,-0.18,24.45
592311.562000,0.13,-1.075,0.102,-27.89,-10.65,-21.33
592311.609000,0.174,-0.993,0.01,-27.07,-11.05,-15.63
592311.656000,0.23,-1.011,-0.046,-13.46,0.49,-14.68
592311.703000,0.175,-0.94,0.017,-19.17,-9.8,-11.11
592311.750000,0.161,-0.964,-0.026,-4.36,-7.26,-9.49
592311.796000,0.172,-0.976,0.048,-8.94,-11.05,-8.27
592311.859000,0.197,-0.962,-0.05,-0.61,-36.96,1.25
592311.906000,0.218,-0.993,-0.104,-6.9,-51.12,-4.36
592311.953000,0.218,-0.995,-0.108,-14.71,-41.35,-21.97
592312.000000,0.193,-0.992,-0.09,-3.3,-19.47,-4.73
592312.046000,0.192,-1.003,-0.114,0.82,-3.81,-1.95
592312.093000,0.211,-0.938,-0.087,2.84,2.23,-6.23
592312.140000,0.221,-0.944,-0.096,4.36,7.2,-0.95
592312.187000,0.209,-0.959,-0.068,3.02,5.31,-0.67
592312.234000,0.201,-0.958,-0.075,1.74,5.1,-1.74
592312.281000,0.21,-0.962,-0.089,2.04,4.39,6.07
592312.328000,0.209,-0.973,-0.084,4.67,-0.09,6.84
592312.375000,0.22,-0.98,-0.074,3.3,-0.92,7.84
592312.421000,0.222,-0.994,-0.07,2.26,0.18,7.48
592312.468000,0.22,-1.001,-0.066,2.29,0.95,5.37
592312.515000,0.213,-0.989,-0.062,1.68,1.74,0.98
592312.562000,0.21,-0.978,-0.067,0.85,4.33,-1.37
592312.609000,0.191,-0.972,-0.053,-1.07,2.44,0.85
592312.656000,0.185,-0.958,-0.06,0.15,2.56,0.46
592312.703000,0.176,-0.958,-0.05,1.34,0.49,2.75
592312.750000,0.182,-0.983,-0.056,0.24,-0.67,5.22
592312.796000,0.193,-0.976,-0.058,1.34,-0.98,4.24
592312.843000,0.201,-0.972,-0.056,4.09,-1.22,7.87
592312.890000,0.192,-0.959,-0.065,9.52,-4.49,14.1
592312.937000,0.169,-0.983,-0.109,3.51,-1.04,14.07
592312.984000,0.18,-1.003,-0.075,0.64,4.7,10.68
592313.031000,0.161,-1.0,-0.022,-0.37,-21.91,20.81
592313.078000,0.09,-0.964,-0.082,-0.76,-45.5,19.75
592313.125000,0.117,-0.986,-0.152,-6.29,-45.9,14.74
592313.171000,0.024,-0.95,-0.057,-0.73,-36.47,16.48
592313.218000,0.03,-0.987,-0.058,0.09,-23.32,-8.0
592313.265000,0.055,-0.991,-0.032,-2.53,-11.6,-7.14
592313.312000,0.083,-1.009,-0.035,-10.86,2.01,-10.8
592313.359000,0.248,-0.997,-0.441,2.2,44.98,-3.63
592313.406000,0.227,-0.936,-0.439,31.34,90.98,20.81
592313.453000,0.067,-0.881,-0.279,42.54,114.9,25.61
592313.500000,-0.008,-0.957,-0.229,18.89,122.5,21.03
592313.546000,0.0,-0.988,-0.162,-23.04,133.12,-7.6
592313.593000,0.017,-0.994,-0.176,-70.62,157.57,-37.97
592313.640000,-0.059,-1.068,0.027,-80.9,136.39,-25.06
592313.687000,0.013,-1.119,-0.046,-57.04,114.23,-7.6
592313.734000,-0.009,-1.079,0.178,-61.43,96.93,-10.35
592313.781000,0.134,-1.1,0.052,7.63,31.5,21.3
592313.828000,0.094,-1.073,-0.008,-34.39,58.08,-21.94
592313.875000,0.142,-0.956,-0.012,-24.17,43.61,-24.9
592313.921000,0.181,-0.946,-0.113,-18.95,20.51,-10.22
592313.968000,0.176,-0.93,-0.131,-18.86,21.3,-5.52
592314.015000,0.169,-0.981,-0.162,-29.11,34.67,-12.05
592314.062000,0.197,-0.904,-0.17,-21.18,9.98,-12.54
592314.109000,0.287,-0.87,-0.323,-6.01,14.37,12.79
592314.156000,0.236,-0.94,-0.186,-18.22,15.38,10.04
592314.203000,0.303,-0.929,-0.337,16.48,-4.97,32.38
592314.250000,0.274,-0.93,-0.279,-17.4,17.0,13.09
592314.296000,0.319,-0.881,-0.377,-13.86,11.05,9.25
592314.343000,0.251,-0.936,-0.297,-57.89,41.26,-11.29
592314.390000,0.17,-0.938,-0.251,-22.13,17.09,13.58
592314.437000,0.135,-0.967,-0.273,-20.72,14.68,12.33
592314.484000,0.087,-0.936,-0.184,-14.86,5.49,5.49
592314.531000,0.053,-0.887,-0.163,-4.39,-10.44,7.81
592314.578000,0.006,-0.945,-0.168,-7.81,-38.51,2.41
592314.625000,-0.174,-0.875,-0.063,24.29,-100.77,13.43
592314.671000,-0.275,-0.769,-0.064,31.43,-158.3,33.78
592314.718000,-0.202,-0.515,-0.479,-78.71,-190.68,25.82
592314.765000,-0.255,-0.611,-0.422,-110.29,-128.51,80.57
592314.812000,-0.182,-0.431,-0.681,-92.99,-150.24,75.38
592314.859000,-0.126,-0.345,-0.882,-127.11,-123.6,70.74
592314.906000,-0.225,-0.377,-1.048,-76.88,-84.93,118.56
592314.953000,-0.389,-0.55,-1.173,-117.71,-27.41,115.33
592315.000000,-0.691,-0.438,-0.973,-83.07,1.34,136.91
592315.046000,-0.844,-0.761,-0.95,-89.63,-4.52,141.27
592315.093000,-0.924,-0.717,-0.766,-83.47,8.18,98.61
592315.140000,-0.948,-0.473,-0.615,-75.99,-64.09,86.25
592315.187000,-0.891,-0.329,-0.629,-52.03,-125.43,85.21
592315.250000,-0.848,-0.254,-0.641,-25.03,-89.14,45.75
592315.296000,-1.083,-0.128,-0.449,-40.38,-63.97,4.64
592315.343000,-1.275,-0.056,-0.412,-102.11,-127.57,-36.07
592315.390000,-1.333,-0.086,-0.415,-187.23,-153.48,-99.22
592315.437000,-1.272,-0.106,-0.231,-199.04,-148.01,-128.42
592315.484000,-1.04,-0.226,-0.195,-174.75,-134.37,-134.77
592315.531000,-0.757,-0.426,-0.311,-18.07,-61.8,-92.56
592315.578000,-0.574,-0.109,-0.179,16.17,-87.95,-107.46
592315.625000,-0.427,0.151,-0.148,69.46,-78.16,-55.33
592315.671000,-0.732,0.07,-0.14,-46.45,-29.63,2.08
592315.734000,-1.162,-0.592,-0.371,13.31,-36.77,26.58
592315.781000,-0.981,-0.312,-0.532,129.22,-2.87,22.22
592315.828000,-0.815,0.518,-0.338,-8.06,64.76,-15.81
592315.875000,-1.023,-0.166,0.043,-3.75,144.02,-25.45
592315.921000,-1.609,-0.114,0.994,-115.3,97.63,-101.14
592315.968000,-0.976,-0.183,-0.271,-0.12,-92.07,75.29
592316.015000,-0.934,-0.615,-0.412,-106.14,11.32,2.5
592316.062000,-1.008,-0.598,-0.311,9.34,69.83,1.19
592316.109000,-1.059,-0.379,0.07,-47.7,50.54,-37.35
592316.156000,-0.988,-0.209,0.139,-63.81,-17.79,-44.53
592316.203000,-0.952,-0.367,-0.117,0.18,-19.71,-4.58
592316.250000,-0.952,-0.426,-0.152,-1.31,-11.6,1.13
592316.296000,-0.88,-0.341,-0.12,6.26,-13.92,1.43
592316.343000,-0.883,-0.318,-0.073,-23.04,-13.34,-0.49
592316.390000,-0.877,-0.363,-0.115,-8.24,-17.98,8.39
592316.437000,-0.929,-0.355,-0.18,9.19,-1.46,11.9
592316.484000,-1.014,-0.295,-0.092,7.75,4.12,8.67
592316.531000,-0.975,-0.3,-0.093,-5.55,-5.74,9.61
592316.578000,-0.927,-0.32,-0.11,-3.69,-1.19,2.69
592316.640000,-0.932,-0.296,-0.082,-1.04,-2.62,11.2
592316.687000,-0.928,-0.323,-0.112,9.86,3.91,14.28
592316.734000,-0.959,-0.255,-0.104,9.83,1.56,5.34
592316.781000,-0.961,-0.304,-0.104,-7.72,0.49,-3.11
592316.828000,-0.959,-0.304,-0.088,2.5,2.14,-3.39
592316.875000,-0.956,-0.295,-0.089,2.53,0.82,-3.2
592316.921000,-0.936,-0.323,-0.115,10.1,2.78,-6.38
592316.968000,-0.986,-0.361,-0.08,26.49,5.01,-3.97
592317.015000,-0.961,-0.24,-0.092,12.18,-4.46,-9.7
592317.062000,-0.919,-0.269,-0.097,14.25,-6.07,0.34
592317.109000,-0.955,-0.333,-0.061,26.43,10.44,-3.3
592317.156000,-1.006,-0.459,0.016,41.26,-1.83,10.19
592317.203000,-1.021,-0.487,0.036,101.08,-13.98,19.29
592317.250000,-0.945,-0.303,0.015,113.71,-30.24,29.6
592317.296000,-0.981,-0.296,0.133,150.43,-30.92,51.45
592317.343000,-1.09,-0.014,0.103,165.14,-76.97,55.97
592317.390000,-0.856,-0.106,0.004,120.55,-61.49,47.76
592317.437000,-0.807,-0.152,-0.157,82.06,7.05,33.33
592317.484000,-0.932,-0.165,0.101,8.82,13.7,3.23
592317.531000,-0.979,-0.066,0.378,-68.27,3.33,-20.57
592317.578000,-0.975,-0.099,0.269,-30.03,-1.92,-6.84
592317.625000,-1.032,-0.105,0.254,-25.21,-9.4,-0.24
592317.671000,-0.941,-0.114,0.062,-37.35,-9.37,-2.47
592317.718000,-0.968,-0.105,0.196,-57.71,5.71,-24.2
592317.765000,-0.96,-0.17,0.19,-59.11,5.1,-17.58
592317.812000,-1.011,-0.336,0.282,-42.05,6.87,-16.75
592317.859000,-0.97,-0.213,0.2,-0.95,-7.72,0.52
592317.906000,-0.937,-0.227,0.127,2.29,-1.22,-2.87
592317.953000,-0.958,-0.192,0.171,-2.62,-0.55,-5.13
592318.000000,-0.958,-0.203,0.162,-8.06,0.12,-3.45
592318.046000,-0.96,-0.217,0.176,-5.52,2.14,-1.5
592318.093000,-0.97,-0.219,0.2,6.47,-3.11,4.91
592318.140000,-0.962,-0.215,0.176,4.33,-0.61,0.92
592318.187000,-0.947,-0.191,0.168,5.13,0.67,0.15
592318.234000,-0.968,-0.192,0.181,-0.37,2.08,-2.81
592318.281000,-0.966,-0.211,0.17,-2.47,2.11,-0.55
592318.328000,-0.959,-0.202,0.177,-5.13,4.61,-2.23
592318.375000,-0.959,-0.213,0.181,-1.16,4.03,-1.4
592318.421000,-0.961,-0.218,0.169,-3.2,3.66,-1.4
592318.468000,-0.972,-0.211,0.187,-3.51,3.85,-1.19
592318.515000,-0.973,-0.232,0.183,-0.06,2.41,0.64
592318.562000,-0.994,-0.235,0.199,3.39,1.13,1.37
592318.609000,-0.974,-0.213,0.191,6.38,-0.76,1.5
592318.656000,-0.963,-0.226,0.154,3.69,-1.92,2.08
592318.703000,-0.977,-0.21,0.183,4.85,-1.77,4.09
592318.750000,-0.969,-0.214,0.182,10.32,-1.65,5.95
592318.812000,-0.965,-0.2,0.182,8.67,-4.21,5.28
592318.859000,-0.944,-0.215,0.155,0.64,-5.31,0.34
592318.906000,-0.967,-0.205,0.195,0.4,-3.75,-0.15
592318.953000,-0.953,-0.215,0.161,2.81,-3.27,0.27
592319.000000,-0.964,-0.203,0.166,2.69,-0.76,-0.03
592319.046000,-0.952,-0.206,0.156,1.01,-0.31,0.34
592319.093000,-0.96,-0.204,0.185,-0.89,1.5,-1.01
592319.140000,-0.948,-0.208,0.159,-4.06,1.04,-1.68
592319.187000,-0.96,-0.209,0.181,-4.91,3.36,-1.59
592319.250000,-0.954,-0.222,0.149,-8.27,5.58,-4.52
592319.296000,-0.97,-0.23,0.198,-6.16,8.21,-5.95
592319.343000,-0.962,-0.237,0.196,-1.86,6.38,-4.79
592319.390000,-0.965,-0.233,0.203,1.07,7.63,-5.98
592319.437000,-0.975,-0.229,0.195,5.83,4.97,-4.18
592319.484000,-0.977,-0.225,0.182,5.01,3.88,-3.42
592319.531000,-0.974,-0.225,0.156,4.15,4.21,-2.66
592319.578000,-0.978,-0.227,0.15,3.05,3.91,-1.19
592319.640000,-0.972,-0.217,0.143,-3.88,3.69,-3.33
592319.687000,-0.969,-0.228,0.157,-8.42,2.04,-2.14
592319.734000,-0.946,-0.227,0.144,-5.8,1.4,-0.12
592319.781000,-0.955,-0.243,0.148,-3.75,-0.98,2.2
592319.828000,-0.98,-0.251,0.146,-6.74,-0.37,0.67
592319.875000,-0.979,-0.239,0.154,-6.53,-2.5,0.52
592319.921000,-0.955,-0.242,0.126,-5.89,-1.92,0.31
592319.968000,-0.954,-0.23,0.153,-6.81,-0.24,-0.15
592320.015000,-0.954,-0.259,0.139,-3.97,-1.4,1.65
592320.062000,-0.955,-0.255,0.139,-6.13,0.49,0.27
592320.125000,-0.956,-0.251,0.153,-5.58,0.52,-1.56
592320.171000,-0.955,-0.25,0.139,-4.27,0.73,-1.19
592320.218000,-0.964,-0.25,0.151,-2.99,2.17,-1.31
592320.265000,-0.961,-0.254,0.137,-1.01,0.76,-1.31
592320.312000,-0.958,-0.251,0.138,-0.4,2.2,-1.98
592320.359000,-0.961,-0.246,0.144,-0.4,0.67,-1.46
592320.406000,-0.952,-0.247,0.128,0.0,0.03,-0.82
592320.468000,-0.966,-0.247,0.13,-1.98,-0.37,-1.19
592320.515000,-0.977,-0.239,0.144,-5.65,-2.17,-1.62
592320.562000,-0.959,-0.246,0.134,-13.15,-4.76,-1.1
592320.609000,-0.961,-0.252,0.134,-12.36,-2.96,-1.53
592320.656000,-0.962,-0.267,0.144,-5.34,-1.74,-0.58
592320.703000,-0.963,-0.27,0.136,-4.09,-1.01,-0.79
592320.750000,-0.963,-0.262,0.163,0.0,-0.85,-0.43
592320.796000,-0.948,-0.261,0.129,1.37,-0.06,1.19
592320.843000,-0.961,-0.259,0.147,0.82,1.43,0.46
592320.890000,-0.957,-0.267,0.137,1.16,0.0,0.98
592320.937000,-0.956,-0.26,0.131,2.29,0.95,0.82
592320.984000,-0.966,-0.256,0.149,2.44,1.5,0.58
592321.031000,-0.955,-0.262,0.146,3.39,0.79,1.89
592321.078000,-0.953,-0.25,0.133,2.9,-0.18,0.73
592321.125000,-0.959,-0.257,0.138,-1.37,-0.37,-1.5
592321.171000,-0.964,-0.252,0.145,-2.08,-0.67,-1.68
592321.218000,-0.952,-0.261,0.145,-0.64,-0.34,-0.95
592321.265000,-0.959,-0.257,0.144,-0.76,0.12,0.27
592321.312000,-0.963,-0.254,0.139,-0.49,-1.13,0.34
592321.359000,-0.967,-0.261,0.153,-0.89,0.61,-0.67
592321.406000,-0.953,-0.255,0.142,-0.06,-1.1,0.18
592321.453000,-0.959,-0.257,0.144,-1.43,-0.46,-0.31
592321.500000,-0.961,-0.26,0.152,-0.73,-0.52,-0.18
592321.546000,-0.96,-0.26,0.146,-0.52,-0.7,0.24
592321.593000,-0.955,-0.259,0.146,0.4,-0.06,0.4
592321.640000,-0.958,-0.254,0.151,-2.2,0.61,-0.49
592321.687000,-0.963,-0.254,0.149,-2.01,-0.52,-0.27
592321.734000,-0.957,-0.254,0.153,-2.87,-1.19,0.06
592321.781000,-0.949,-0.254,0.138,-2.84,-1.68,-1.34
592321.828000,-0.954,-0.258,0.156,-5.55,-0.64,-0.58
592321.875000,-0.95,-0.258,0.152,-3.97,-1.43,0.52
592321.921000,-0.948,-0.26,0.143,-5.86,-1.46,-0.24
592321.968000,-0.956,-0.252,0.158,-8.58,-1.07,-1.71
592322.015000,-0.969,-0.261,0.163,-9.8,-1.13,-1.37
592322.062000,-0.962,-0.257,0.18,-6.29,-1.28,-0.52
592322.109000,-0.958,-0.262,0.173,-5.01,-2.47,0.95
592322.156000,-0.956,-0.263,0.172,-5.22,-1.92,0.12
592322.203000,-0.964,-0.261,0.179,-3.23,-4.21,0.18
592322.250000,-0.992,-0.234,0.273,12.63,-7.02,7.93
592322.296000,-0.933,-0.243,0.184,22.61,-14.22,15.29
592322.343000,-0.975,-0.272,0.129,7.69,-9.43,7.6
592322.390000,-0.994,-0.235,0.156,-4.64,-7.54,-1.22
592322.437000,-0.976,-0.238,0.151,-7.72,-12.76,-2.62
592322.484000,-0.926,-0.252,0.148,-14.4,-9.0,-5.25
592322.531000,-0.897,-0.259,0.143,-7.66,-6.1,-1.28
592322.578000,-0.918,-0.276,0.157,-6.93,0.15,-1.16
592322.625000,-0.924,-0.28,0.124,-0.52,1.8,1.59
592322.671000,-0.947,-0.274,0.142,-2.01,8.45,-1.56
592322.718000,-0.938,-0.268,0.169,-0.7,6.07,0.12
592322.765000,-0.917,-0.287,0.154,-4.03,8.06,-1.83
592322.812000,-0.938,-0.286,0.186,-5.55,10.38,-3.14
592322.859000,-0.948,-0.273,0.174,-3.36,8.94,-3.39
592322.906000,-0.957,-0.271,0.175,-0.98,9.92,-4.36
592322.953000,-0.955,-0.283,0.176,-1.59,10.28,-4.73
592323.000000,-0.97,-0.276,0.179,-0.03,7.81,-4.67
592323.046000,-0.967,-0.27,0.169,1.53,6.29,-3.57
592323.093000,-0.963,-0.275,0.157,0.4,5.01,-2.81
592323.140000,-0.948,-0.295,0.135,-1.77,6.41,-4.12
592323.203000,-0.948,-0.289,0.14,-3.08,6.44,-5.74
592323.250000,-0.958,-0.293,0.132,-1.92,5.68,-4.76
592323.296000,-0.964,-0.295,0.123,-2.11,1.34,-3.17
592323.343000,-0.952,-0.291,0.123,-0.21,2.72,-2.35
592323.390000,-0.952,-0.289,0.131,-0.03,1.92,-1.5
592323.437000,-0.942,-0.297,0.108,0.58,0.58,-0.09
592323.484000,-0.954,-0.295,0.112,-1.98,1.5,-1.19
592323.531000,-0.95,-0.299,0.101,-1.07,1.77,-0.12
592323.578000,-0.964,-0.301,0.124,-1.59,2.29,-0.09
592323.625000,-0.949,-0.313,0.109,-2.41,0.82,0.06
592323.671000,-0.946,-0.307,0.112,-2.23,1.56,-1.31
592323.718000,-0.954,-0.304,0.114,-1.92,0.64,-0.73
592323.781000,-0.942,-0.309,0.106,-1.37,1.5,-0.64
592323.828000,-0.949,-0.312,0.114,0.4,0.21,0.12
592323.875000,-0.953,-0.309,0.111,-0.12,1.19,0.12
592323.921000,-0.941,-0.303,0.098,1.56,0.61,0.76
592323.968000,-0.946,-0.301,0.107,-0.09,0.79,-0.24
592324.015000,-0.948,-0.301,0.11,-1.07,0.24,0.52
592324.062000,-0.944,-0.309,0.107,-0.21,1.74,0.0
592324.109000,-0.946,-0.302,0.101,-1.04,0.7,-0.79
592324.156000,-0.943,-0.306,0.097,-5.22,1.98,-2.47
592324.203000,-0.949,-0.308,0.106,-8.39,2.84,-4.49
592324.250000,-0.95,-0.312,0.097,-1.86,1.28,-0.18
592324.296000,-0.95,-0.316,0.098,-2.35,2.08,-0.92
592324.343000,-0.951,-0.313,0.093,0.98,1.46,0.34
592324.406000,-0.948,-0.314,0.101,0.12,1.5,-0.18
592324.453000,-0.95,-0.316,0.103,1.62,0.67,0.7
592324.500000,-0.949,-0.311,0.093,1.4,0.55,0.18
592324.546000,-0.95,-0.313,0.098,1.04,0.95,-0.4
592324.593000,-0.946,-0.317,0.092,1.62,1.31,-0.46
592324.640000,-0.951,-0.316,0.101,-0.27,0.7,-0.46
592324.687000,-0.943,-0.317,0.094,0.95,1.07,-0.03
592324.734000,-0.939,-0.317,0.092,0.31,0.09,-0.89
592324.781000,-0.944,-0.314,0.092,-0.37,0.98,-1.19
592324.828000,-0.946,-0.32,0.095,1.31,1.04,-0.49
592324.875000,-0.948,-0.315,0.095,0.12,1.19,-0.7
592324.921000,-0.947,-0.316,0.094,-0.67,0.92,-0.4
592324.968000,-0.947,-0.318,0.091,0.31,1.07,-0.85
592325.015000,-0.95,-0.316,0.096,-0.95,0.4,-0.21
592325.062000,-0.946,-0.318,0.091,0.18,1.74,0.15
592325.109000,-0.948,-0.315,0.096,0.0,1.01,0.58
592325.156000,-0.949,-0.322,0.09,-0.27,1.22,0.31
592325.218000,-0.948,-0.321,0.088,-0.64,1.16,-0.18
592325.265000,-0.945,-0.32,0.089,-0.46,1.01,0.18
592325.312000,-0.949,-0.317,0.091,-0.12,0.52,0.27
592325.359000,-0.946,-0.321,0.081,-0.27,0.49,0.24
592325.406000,-0.951,-0.32,0.086,-0.73,0.09,0.0
592325.453000,-0.945,-0.32,0.083,-0.61,0.4,0.12
592325.500000,-0.939,-0.319,0.076,-0.06,0.55,0.06
592325.546000,-0.944,-0.32,0.085,-1.83,0.49,-0.31
592325.593000,-0.95,-0.319,0.088,-0.15,1.01,-0.61
592325.640000,-0.939,-0.319,0.081,-0.73,0.55,-0.49
592325.687000,-0.943,-0.318,0.086,-1.65,0.76,-0.4
592325.734000,-0.952,-0.32,0.093,-1.1,0.46,-0.67
592325.781000,-0.948,-0.323,0.089,0.7,0.37,0.24
592325.828000,-0.943,-0.319,0.078,0.79,0.67,0.46
592325.890000,-0.947,-0.318,0.085,0.4,1.07,0.18
592325.937000,-0.945,-0.322,0.082,-0.24,1.13,0.21
592325.984000,-0.946,-0.321,0.085,0.49,0.79,0.06
592326.031000,-0.944,-0.318,0.075,0.46,0.82,-0.21
592326.078000,-0.948,-0.318,0.088,0.03,0.55,0.18
592326.125000,-0.948,-0.319,0.081,0.18,0.92,-0.09
592326.171000,-0.95,-0.319,0.086,0.21,0.37,0.06
592326.218000,-0.948,-0.321,0.082,0.03,0.64,0.15
592326.265000,-0.945,-0.318,0.086,0.85,0.61,0.58
592326.312000,-0.941,-0.317,0.081,0.43,1.19,-0.12
592326.359000,-0.948,-0.316,0.082,-0.24,0.43,0.27
592326.406000,-0.951,-0.317,0.083,0.06,1.13,0.06
592326.453000,-0.945,-0.315,0.083,0.09,0.55,0.09
592326.500000,-0.945,-0.323,0.079,-0.73,0.73,0.27
592326.546000,-0.948,-0.317,0.082,0.27,0.09,0.21
592326.593000,-0.947,-0.32,0.079,0.09,0.85,0.12
592326.640000,-0.947,-0.319,0.083,-0.24,0.4,0.4
592326.687000,-0.948,-0.317,0.077,0.67,0.52,0.7
592326.734000,-0.942,-0.318,0.078,-0.67,1.37,-0.55
592326.781000,-0.894,-0.213,0.048,-3.42,2.26,6.84
592326.828000,-0.799,-0.089,-0.078,-37.45,0.64,17.98
592326.875000,-0.902,-0.097,-0.07,-47.21,31.07,7.48
592326.921000,-0.904,-0.183,-0.085,-74.95,21.0,-3.42
592326.968000,-1.051,0.102,0.072,-51.09,-8.58,32.9
592327.015000,-0.883,-0.042,-0.384,13.06,-14.04,112.77
592327.062000,-0.964,0.001,-0.349,12.12,30.98,98.24
592327.109000,-0.966,-0.138,-0.455,83.83,82.98,105.47
592327.156000,-1.027,-0.291,-0.608,205.94,146.12,123.42
592327.203000,-1.124,-0.551,-0.653,239.94,155.95,108.07
592327.250000,-1.321,-0.79,-0.283,103.46,124.36,-20.11
592327.296000,-1.541,-0.813,-0.135,48.77,94.15,-146.64
592327.343000,-1.563,-0.819,-0.169,183.32,23.74,-115.05
592327.390000,-1.34,-0.476,-0.396,155.25,5.89,-172.7
592327.437000,-1.264,-0.432,-0.18,119.54,44.43,-223.91
592327.484000,-1.319,-0.417,-0.072,182.26,-4.06,-153.87
592327.531000,-0.824,-0.217,-0.415,138.95,-62.14,-125.31
592327.578000,-0.803,-0.224,-0.248,51.12,-38.39,-135.87
592327.640000,-0.384,-0.299,-0.471,7.87,36.81,-56.67
592327.687000,-0.329,-0.552,-0.636,-92.75,45.29,-120.85
592327.734000,-0.327,-0.665,-0.349,7.51,-44.34,-18.28
592327.781000,-0.265,-0.521,-0.161,45.41,-99.89,68.27
592327.828000,-0.33,-0.847,-0.049,54.72,-31.89,60.64
592327.890000,-0.503,-1.15,-0.004,19.29,13.34,54.75
592327.953000,-0.503,-1.095,-0.024,18.22,13.49,6.23
592328.015000,-0.436,-0.948,-0.012,13.31,-14.65,-11.54
592328.062000,-0.444,-0.93,-0.012,14.1,-27.99,-2.81
592328.109000,-0.456,-0.891,0.006,34.06,-17.15,16.57
592328.156000,-0.514,-0.936,0.045,43.98,-15.99,29.94
592328.203000,-0.608,-0.899,0.153,55.57,-30.21,40.38
592328.250000,-0.588,-0.794,0.245,58.17,-51.61,42.12
592328.296000,-0.491,-0.599,0.33,20.48,-22.58,1.86
592328.343000,-0.471,-0.58,0.316,-46.78,30.43,-28.9
592328.390000,-0.548,-0.612,0.21,-33.05,47.12,4.15
592328.437000,-0.629,-0.777,0.095,-36.65,39.83,21.42
592328.484000,-0.671,-0.797,0.074,-23.04,9.61,25.54
592328.531000,-0.659,-0.839,0.041,-8.55,-6.87,32.5
592328.578000,-0.638,-0.827,0.073,-8.61,-9.25,17.09
592328.625000,-0.623,-0.834,0.082,-1.31,-6.47,19.29
592328.671000,-0.616,-0.857,0.097,0.76,7.9,10.71
592328.718000,-0.617,-0.866,0.11,1.22,17.82,-1.43
592328.765000,-0.613,-0.859,0.11,6.87,11.75,-6.53
592328.812000,-0.613,-0.819,0.137,7.63,4.21,-6.96
592328.875000,-0.615,-0.769,0.104,10.56,1.01,-1.8
592328.937000,-0.648,-0.759,0.061,-4.88,2.23,-4.49
592328.984000,-0.655,-0.736,0.057,-3.97,-2.66,-1.71
592329.031000,-0.639,-0.758,0.098,0.0,-5.98,1.59
592329.078000,-0.609,-0.774,0.108,-1.28,-4.52,2.56
592329.125000,-0.604,-0.775,0.14,-0.21,-6.04,7.26
592329.171000,-0.613,-0.819,0.123,-6.26,-1.89,2.56
592329.218000,-0.635,-0.834,0.093,-9.89,2.9,-6.59
592329.265000,-0.643,-0.845,0.077,-2.59,-1.34,-9.83
592329.312000,-0.637,-0.805,0.079,1.34,4.15,-16.08
592329.359000,-0.629,-0.787,0.053,2.11,14.04,-22.98
592329.406000,-0.622,-0.816,0.032,-0.95,16.91,-21.7
592329.453000,-0.59,-0.818,0.023,3.42,10.44,-22.86
592329.500000,-0.56,-0.789,0.032,0.18,5.68,-11.66
592329.562000,-0.577,-0.793,0.043,1.86,10.19,-4.43
592329.609000,-0.577,-0.791,0.035,2.99,16.97,-2.66
592329.671000,-0.569,-0.799,0.044,2.26,15.93,-4.49
592329.718000,-0.555,-0.826,0.045,2.17,9.37,-1.56
592329.765000,-0.538,-0.856,0.071,4.12,8.97,-3.11
592329.812000,-0.529,-0.924,0.062,-1.16,2.84,-9.77
592329.859000,-0.508,-0.896,0.084,-1.1,5.01,-20.87
592329.906000,-0.507,-0.875,0.087,3.33,11.47,-18.68
592329.953000,-0.518,-0.842,0.07,6.32,15.32,-20.11
592330.000000,-0.526,-0.841,0.043,3.02,10.68,-17.4
592330.046000,-0.504,-0.854,0.074,-8.79,5.31,-27.22
592330.093000,-0.475,-0.862,0.045,-10.07,-7.35,-19.78
592330.156000,-0.498,-0.888,0.089,-18.13,-2.56,-30.0
592330.203000,-0.397,-0.93,0.03,-12.48,-5.22,-24.38
592330.250000,-0.363,-0.896,0.024,3.6,-3.66,1.37
592330.296000,-0.373,-0.885,-0.002,15.08,-2.96,22.52
592330.343000,-0.451,-0.88,0.016,5.07,9.92,19.32
592330.390000,-0.491,-0.849,0.031,2.41,11.17,29.76
592330.437000,-0.516,-0.827,-0.009,2.62,6.81,19.81
592330.484000,-0.532,-0.829,0.0,14.56,-7.08,23.41
592330.546000,-0.512,-0.837,0.058,11.08,-16.05,16.6
592330.593000,-0.496,-0.863,0.077,-1.22,-10.65,15.47
592330.640000,-0.504,-0.895,0.053,-2.5,-9.52,18.89
592330.687000,-0.516,-0.893,0.03,3.75,-10.96,9.19
592330.734000,-0.567,-0.829,0.055,-0.64,-4.12,4.88
592330.781000,-0.595,-0.827,0.06,3.17,-0.85,10.19
592330.828000,-0.602,-0.82,0.054,0.12,0.46,5.95
592330.875000,-0.579,-0.793,0.074,0.18,-4.85,10.86
592330.921000,-0.58,-0.826,0.088,-0.76,-2.38,18.4
592330.968000,-0.576,-0.841,0.072,-1.83,-5.22,13.37
592331.015000,-0.587,-0.857,0.067,-0.79,-5.34,8.36
592331.078000,-0.59,-0.862,0.063,-3.75,-9.22,-3.85
592331.125000,-0.568,-0.851,0.057,-4.79,-5.13,-8.27
592331.171000,-0.567,-0.834,0.061,-3.97,-2.01,-7.63
592331.218000,-0.589,-0.869,0.058,-3.14,4.58,-4.12
592331.265000,-0.583,-0.839,0.049,-4.0,9.67,-10.77
592331.312000,-0.569,-0.803,0.048,-3.97,9.46,-10.28
592331.359000,-0.565,-0.798,0.049,-3.48,8.88,-9.92
592331.406000,-0.559,-0.802,0.051,-1.07,6.74,-5.58
592331.453000,-0.562,-0.822,0.06,0.24,6.5,-3.36
592331.500000,-0.564,-0.835,0.061,1.86,6.99,-2.26
592331.546000,-0.551,-0.844,0.05,1.62,6.35,-1.62
592331.593000,-0.548,-0.84,0.042,1.01,5.4,-2.9
592331.640000,-0.541,-0.838,0.032,1.07,5.49,-1.89
592331.687000,-0.549,-0.852,0.031,0.85,5.71,-1.65
592331.734000,-0.55,-0.85,0.041,-0.4,5.25,-2.2
592331.781000,-0.545,-0.837,0.043,-0.79,3.6,-2.26
592331.828000,-0.548,-0.83,0.047,-1.4,3.02,-0.85
592331.875000,-0.547,-0.834,0.041,-0.92,1.89,-0.55
592331.921000,-0.546,-0.834,0.035,-0.95,1.25,1.19
592331.968000,-0.549,-0.847,0.026,-0.73,1.19,0.61
592332.015000,-0.543,-0.845,0.026,-1.1,0.55,-0.31
592332.062000,-0.54,-0.852,0.028,-0.85,-0.09,0.12
592332.109000,-0.539,-0.844,0.026,-0.37,0.18,-0.7
592332.156000,-0.546,-0.838,0.025,-0.24,0.52,0.06
592332.203000,-0.556,-0.848,0.027,-0.27,-0.12,0.27
592332.250000,-0.544,-0.836,0.022,-0.55,0.12,-0.27
592332.296000,-0.541,-0.835,0.024,0.0,0.49,0.24
592332.343000,-0.543,-0.846,0.025,-0.34,0.43,0.61
592332.390000,-0.546,-0.851,0.027,-0.03,0.27,0.0
592332.453000,-0.542,-0.841,0.027,-0.37,0.61,-0.7
592332.500000,-0.549,-0.842,0.026,-0.58,1.19,-0.15
592332.546000,-0.547,-0.843,0.026,-1.01,-0.24,-0.21
592332.593000,-0.547,-0.848,0.025,-0.18,-0.12,0.4
592332.640000,-0.535,-0.84,0.028,-0.21,-0.7,-0.34
592332.703000,-0.542,-0.848,0.028,0.09,-0.76,0.92
592332.750000,-0.544,-0.848,0.022,0.4,-0.95,-0.37
592332.796000,-0.543,-0.834,0.028,2.17,-1.22,0.37
592332.843000,-0.546,-0.851,0.026,1.25,-1.25,1.59
592332.890000,-0.542,-0.874,0.02,1.86,-0.27,0.03
592332.937000,-0.527,-0.884,0.039,3.85,-0.7,-4.97
592332.984000,-0.527,-0.862,0.059,0.7,-1.98,-6.81
592333.031000,-0.532,-0.857,0.056,-2.93,-2.53,-7.32
592333.078000,-0.537,-0.848,0.044,-6.47,-5.77,-7.69
592333.125000,-0.531,-0.852,0.034,-6.32,-5.62,-6.62
592333.171000,-0.516,-0.848,0.017,-5.92,-4.82,-6.96
592333.218000,-0.516,-0.841,0.014,-4.3,-3.08,-6.01
592333.265000,-0.52,-0.845,0.016,-1.59,-0.89,-3.97
592333.328000,-0.52,-0.868,0.01,-2.14,-0.06,-3.36
592333.375000,-0.509,-0.857,0.01,-1.8,1.4,-5.68
592333.421000,-0.501,-0.85,0.011,0.85,2.41,-3.36
592333.468000,-0.501,-0.86,0.014,0.64,2.41,-1.65
592333.515000,-0.509,-0.869,0.022,0.49,2.96,-2.69
592333.562000,-0.504,-0.881,0.016,2.75,0.64,-1.01
592333.609000,-0.496,-0.894,0.016,4.39,5.25,-2.53
592333.656000,-0.486,-0.883,0.029,2.81,5.46,-4.09
592333.703000,-0.493,-0.863,0.045,1.56,3.85,-1.46
592333.750000,-0.496,-0.851,0.045,0.4,4.3,-1.8
592333.796000,-0.496,-0.85,0.037,0.31,1.95,1.46
592333.843000,-0.5,-0.858,0.039,1.98,1.53,3.2
592333.890000,-0.499,-0.869,0.028,1.04,-0.67,4.73
592333.937000,-0.496,-0.881,0.026,1.19,-1.53,5.25
592333.984000,-0.494,-0.886,0.03,2.81,1.19,2.08
592334.031000,-0.494,-0.886,0.031,1.77,1.53,1.43
592334.093000,-0.499,-0.884,0.029,2.75,3.69,-0.55
592334.140000,-0.495,-0.872,0.026,0.61,2.59,-0.85
592334.187000,-0.499,-0.87,0.029,1.34,2.38,0.12
592334.234000,-0.501,-0.873,0.034,0.79,1.07,0.4
592334.281000,-0.498,-0.871,0.036,0.12,1.5,-0.46
592334.328000,-0.493,-0.854,0.037,-0.64,0.4,0.4
592334.375000,-0.498,-0.871,0.029,-0.82,0.4,1.62
592334.421000,-0.496,-0.877,0.03,-0.24,0.89,0.49
592334.468000,-0.498,-0.876,0.026,-0.95,0.89,-0.09
592334.515000,-0.506,-0.875,0.027,-0.43,1.22,-0.24
592334.562000,-0.504,-0.88,0.029,-1.04,0.85,-0.37
592334.609000,-0.497,-0.869,0.029,-1.13,0.58,-0.89
592334.656000,-0.498,-0.86,0.023,-0.79,0.4,-0.12
592334.703000,-0.503,-0.87,0.021,0.03,1.04,0.4
592334.750000,-0.504,-0.874,0.024,-0.03,0.89,0.52
592334.796000,-0.504,-0.873,0.021,-0.12,1.34,0.92
592334.843000,-0.503,-0.872,0.022,-0.15,1.53,0.52
592334.890000,-0.5,-0.869,0.026,0.31,1.68,0.46
592334.937000,-0.501,-0.875,0.026,-0.03,1.01,0.61
592334.984000,-0.504,-0.871,0.028,0.46,1.01,1.01
592335.031000,-0.501,-0.872,0.027,-0.27,0.4,-0.06
592335.078000,-0.501,-0.863,0.027,-0.18,0.27,0.03
592335.125000,-0.509,-0.869,0.025,-0.09,0.67,1.19
592335.171000,-0.503,-0.87,0.019,-0.12,-0.03,1.07
592335.218000,-0.506,-0.871,0.024,-0.09,-0.24,1.01
592335.265000,-0.506,-0.868,0.026,-0.7,-0.4,1.25
592335.312000,-0.507,-0.864,0.028,-0.09,0.09,0.76
592335.359000,-0.506,-0.864,0.025,-0.12,-0.31,1.43
592335.406000,-0.511,-0.866,0.024,-0.15,-0.15,1.4
592335.453000,-0.505,-0.854,0.023,0.4,0.12,1.56
592335.500000,-0.511,-0.869,0.022,0.58,-0.55,3.02
592335.546000,-0.506,-0.843,0.024,-0.31,-0.46,4.06
592335.609000,-0.524,-0.86,0.027,0.98,-0.55,5.92
592335.671000,-0.533,-0.879,0.026,-0.31,-1.13,5.34
592335.718000,-0.524,-0.873,0.025,-0.4,0.73,1.53
592335.765000,-0.518,-0.85,0.032,-0.64,0.03,1.53
592335.812000,-0.52,-0.841,0.026,-0.24,-0.61,3.36
592335.859000,-0.526,-0.818,0.023,-0.89,-4.06,6.56
592335.906000,-0.508,-0.74,-0.016,-0.4,-19.41,16.51
592335.953000,-0.55,-0.582,-0.034,-18.19,-77.09,54.54
592336.000000,-0.534,-0.373,-0.081,-28.08,-110.72,75.56
592336.046000,-0.753,-0.23,0.213,-98.76,-80.11,73.37
592336.093000,-0.969,-0.5,0.454,-0.31,-167.61,163.03
592336.140000,-0.778,-0.642,0.184,19.62,-99.34,160.53
592336.187000,-1.169,-1.458,-0.24,5.34,45.66,97.78
592336.234000,-0.828,-0.927,-0.556,25.57,73.15,49.78
592336.281000,-0.763,0.017,-0.49,-54.72,225.32,-19.81
592336.328000,-1.076,0.243,-0.042,-42.18,193.73,69.61
592336.375000,-1.161,0.272,-0.0,9.37,83.29,169.41
592336.421000,-1.291,0.248,-0.067,-102.48,85.02,162.05
592336.468000,-1.579,-0.246,0.172,-214.36,41.57,123.36
592336.515000,-1.406,-0.453,0.016,-25.51,-63.51,138.77
592336.562000,-1.346,-0.407,-0.082,74.56,-110.81,69.31
592336.609000,-1.315,-0.242,-0.247,137.58,-154.88,53.68
592336.656000,-1.243,-0.149,-0.255,138.37,-184.79,36.56
592336.703000,-0.905,-0.199,-0.555,103.64,-162.76,3.45
592336.750000,-0.913,-0.035,-0.372,59.57,-75.62,-23.83
592336.796000,-0.704,0.032,0.037,13.46,-95.74,-30.34
592336.843000,-0.778,-0.291,0.272,7.2,-53.41,-60.98
592336.890000,-0.621,-0.109,0.079,11.02,-25.76,-73.92
592336.937000,-0.683,-0.352,0.338,44.74,80.72,-124.33
592336.984000,-1.201,0.005,0.263,60.27,106.3,-110.32
592337.031000,-0.972,0.079,-0.052,-54.57,75.5,-74.86
592337.078000,-0.958,0.042,-0.17,-34.36,69.06,-57.59
592337.125000,-0.825,0.034,-0.212,-64.61,89.42,-37.29
592337.171000,-0.699,-0.107,-0.377,-115.12,152.01,-11.26
592337.218000,-1.289,-0.413,0.224,-246.13,68.76,-44.65
592337.265000,-1.291,-0.768,-0.127,-7.84,-43.43,23.16
592337.312000,-1.012,-0.355,-0.561,32.72,-74.37,0.24
592337.359000,-0.957,-0.148,-0.4,-52.37,24.81,-11.93
592337.406000,-0.924,0.02,-0.369,-0.06,-8.39,6.53
592337.453000,-0.995,0.0,-0.165,-56.43,-47.82,3.14
592337.500000,-1.172,-0.404,-0.011,-22.83,-67.87,23.62
592337.546000,-1.068,-0.473,-0.164,39.12,-111.33,34.42
592337.593000,-0.819,-0.451,-0.167,29.33,-48.46,-10.19
592337.640000,-0.989,-0.094,0.087,77.09,-5.1,-40.19
592337.687000,-0.902,-0.129,-0.03,142.7,-87.19,1.71
592337.734000,-0.758,0.038,-0.316,86.95,-7.66,-3.78
592337.781000,-0.999,-0.568,-0.045,174.87,-10.47,-3.08
592337.828000,-1.037,-0.024,-0.035,160.56,19.71,-55.51
592337.875000,-0.747,-0.147,0.066,32.65,58.87,-45.99
592337.921000,-0.969,-0.014,0.186,-2.93,20.05,-25.27
592337.968000,-0.924,-0.229,-0.168,-41.05,13.92,-0.46
592338.015000,-1.169,-0.514,-0.37,-108.92,24.96,0.4
592338.062000,-1.047,-0.344,-0.552,-103.37,43.46,-3.78
592338.109000,-0.741,-0.642,-0.389,-199.9,73.98,-16.24
592338.156000,-0.655,-0.38,-0.276,16.45,226.11,3.48
592338.203000,-0.88,-0.463,0.181,-62.56,264.93,-54.96
592338.250000,-1.252,-0.089,0.496,-186.38,-68.21,-136.75
592338.296000,-1.025,-0.027,-0.367,-83.83,-176.43,-27.56
592338.343000,-0.811,-0.113,-0.689,-124.27,-153.69,-28.6
592338.390000,-0.836,-0.279,-0.58,-42.73,-121.31,0.27
592338.437000,-0.946,-0.032,-0.596,-6.2,-55.02,7.87
592338.484000,-1.186,-0.158,-0.295,-86.25,-12.57,48.98
592338.531000,-1.177,-0.302,-0.283,-69.89,-9.67,32.35
592338.578000,-1.169,-0.169,-0.231,-44.68,6.35,-0.09
592338.625000,-1.077,-0.093,-0.208,-28.93,-13.03,-8.33
592338.671000,-0.905,-0.109,-0.267,-3.48,-4.79,-2.41
592338.718000,-0.946,-0.06,-0.184,9.09,8.64,-7.11
592338.765000,-0.971,-0.128,-0.201,4.85,1.8,0.82
592338.812000,-0.959,-0.13,-0.278,26.61,7.11,-1.04
592338.859000,-0.973,-0.161,-0.321,21.94,9.8,-5.37
592338.906000,-0.968,-0.225,-0.34,19.26,34.09,-21.24
592338.953000,-1.057,-0.225,-0.272,21.7,25.45,-34.21
592339.000000,-0.965,-0.223,-0.296,37.63,37.39,-37.08
592339.046000,-0.971,-0.191,-0.248,25.03,47.06,-41.47
592339.093000,-0.864,-0.354,-0.359,23.13,42.85,-34.06
592339.140000,-0.862,-0.272,-0.355,41.57,28.66,-28.63
592339.187000,-0.747,-0.301,-0.386,27.34,19.65,-15.59
592339.234000,-0.743,-0.277,-0.323,18.65,4.88,1.1
592339.281000,-0.778,-0.387,-0.342,17.33,-6.23,11.35
592339.328000,-0.783,-0.351,-0.363,2.08,-4.18,5.43
592339.375000,-0.792,-0.313,-0.364,-3.08,-0.49,13.7
592339.421000,-0.765,-0.3,-0.344,9.13,12.27,26.52
592339.484000,-0.915,-0.31,-0.319,13.43,15.56,38.64
592339.531000,-0.937,-0.235,-0.369,37.2,-1.98,36.77
592339.578000,-0.994,-0.307,-0.378,19.41,-15.47,16.82
592339.625000,-0.925,-0.266,-0.453,-10.83,-1.07,-3.54
592339.671000,-0.853,-0.241,-0.317,-10.32,2.96,4.39
592339.718000,-0.835,-0.242,-0.354,1.01,-3.02,18.46
592339.765000,-0.855,-0.278,-0.306,-7.48,5.98,24.23
592339.812000,-0.966,-0.273,-0.314,0.06,-0.34,17.7
592339.859000,-0.946,-0.3,-0.352,13.4,-4.3,13.43
592339.906000,-0.922,-0.268,-0.397,-9.61,1.98,-3.88
592339.953000,-0.917,-0.225,-0.354,-12.21,0.37,-3.36
592340.000000,-0.918,-0.256,-0.333,-6.29,2.17,-1.31
592340.046000,-0.882,-0.22,-0.337,-8.97,-0.43,-8.27
592340.093000,-0.901,-0.215,-0.348,-9.98,0.89,-5.46
592340.140000,-0.873,-0.208,-0.343,-0.4,3.88,-1.95
592340.187000,-0.903,-0.259,-0.386,-8.67,2.9,-2.9
592340.234000,-0.903,-0.205,-0.34,-9.25,2.5,-5.74
592340.281000,-0.897,-0.203,-0.361,-1.77,0.82,0.7
592340.343000,-0.935,-0.22,-0.359,7.72,7.63,2.11
592340.390000,-0.896,-0.232,-0.368,10.01,3.11,0.67
592340.437000,-0.905,-0.211,-0.377,14.89,3.81,4.12
592340.484000,-0.897,-0.248,-0.389,8.48,4.49,0.46
592340.531000,-0.885,-0.226,-0.359,8.67,4.61,0.73
592340.578000,-0.879,-0.241,-0.388,3.3,2.53,2.78
592340.625000,-0.917,-0.236,-0.365,6.78,2.72,4.79
592340.671000,-0.878,-0.249,-0.39,-1.43,1.43,3.14
592340.718000,-0.891,-0.26,-0.4,-10.44,1.01,-3.78
592340.765000,-0.876,-0.237,-0.323,8.15,-1.1,-1.25
592340.812000,-0.877,-0.265,-0.35,3.45,1.1,1.01
592340.859000,-0.882,-0.267,-0.349,9.37,2.69,4.61
592340.906000,-0.858,-0.266,-0.426,-6.87,1.5,-4.82
592340.953000,-0.888,-0.252,-0.389,-11.99,-0.79,-5.95
592341.000000,-0.912,-0.256,-0.344,-2.87,-3.97,0.09
592341.046000,-0.886,-0.22,-0.395,-3.14,-2.29,-2.38
592341.093000,-0.881,-0.229,-0.359,-3.17,1.19,-0.4
592341.140000,-0.89,-0.247,-0.393,3.51,1.34,0.12
592341.187000,-0.891,-0.24,-0.375,-5.83,2.69,-4.61
592341.234000,-0.878,-0.238,-0.388,-6.53,1.43,-4.88
592341.281000,-0.903,-0.225,-0.363,-2.53,1.5,-0.73
592341.328000,-0.909,-0.272,-0.376,-2.59,1.65,-1.46
592341.375000,-0.897,-0.223,-0.351,-2.26,1.59,-1.89
592341.421000,-0.889,-0.253,-0.399,-3.66,0.06,0.31
592341.468000,-0.878,-0.237,-0.343,1.28,0.03,0.82
592341.515000,-0.873,-0.295,-0.393,-5.89,-0.06,-0.12
592341.562000,-0.875,-0.26,-0.381,-9.98,0.24,-3.51
592341.609000,-0.883,-0.257,-0.395,-8.85,-1.46,-3.17
592341.656000,-0.901,-0.219,-0.372,-2.59,-1.56,-1.19
592341.703000,-0.892,-0.228,-0.383,-2.47,-2.04,2.44
592341.750000,-0.887,-0.231,-0.368,3.33,-0.7,2.17
592341.796000,-0.881,-0.254,-0.409,1.74,-0.52,0.52
592341.843000,-0.885,-0.261,-0.385,-4.61,-0.73,-2.04
592341.890000,-0.873,-0.237,-0.381,-3.14,-0.34,-3.05
592341.937000,-0.899,-0.241,-0.354,2.04,2.01,0.89
592341.984000,-0.887,-0.238,-0.388,2.99,1.31,-0.64
592342.031000,-0.906,-0.24,-0.401,8.12,-1.65,4.7
592342.078000,-0.903,-0.241,-0.358,4.15,0.61,7.35
592342.125000,-0.87,-0.228,-0.381,0.49,-0.18,3.3
592342.171000,-0.883,-0.233,-0.369,2.11,-2.59,3.02
592342.218000,-0.897,-0.247,-0.371,0.76,-1.5,1.19
592342.265000,-0.897,-0.234,-0.359,-1.1,-0.82,1.62
592342.312000,-0.899,-0.239,-0.361,-1.4,-0.31,2.38
592342.359000,-0.91,-0.238,-0.382,-3.08,-0.7,1.07
592342.406000,-0.887,-0.216,-0.372,0.73,0.55,1.68
592342.453000,-0.89,-0.24,-0.376,3.97,1.13,1.59
592342.500000,-0.884,-0.249,-0.377,4.58,0.85,1.59
592342.546000,-0.889,-0.257,-0.371,-1.43,1.25,-1.07
592342.593000,-0.891,-0.242,-0.362,-4.76,-0.27,-3.51
592342.640000,-0.902,-0.219,-0.366,-2.14,-0.34,-2.17
592342.687000,-0.897,-0.243,-0.381,-2.04,0.03,0.12
592342.734000,-0.894,-0.233,-0.376,-2.04,0.98,-0.82
592342.781000,-0.89,-0.236,-0.376,-2.35,1.01,-0.46
592342.828000,-0.898,-0.231,-0.37,-4.64,-0.55,-1.86
592342.875000,-0.895,-0.223,-0.366,-3.78,0.0,-1.28
592342.921000,-0.896,-0.226,-0.375,-3.91,-0.37,0.79
592342.968000,-0.886,-0.236,-0.382,-2.87,1.1,-1.07
592343.015000,-0.886,-0.241,-0.371,-0.92,1.04,0.34
592343.062000,-0.897,-0.244,-0.377,-0.31,1.16,-1.13
592343.125000,-0.894,-0.212,-0.379,2.62,1.28,-0.12
592343.171000,-0.892,-0.237,-0.391,3.23,1.34,1.62
592343.218000,-0.886,-0.226,-0.371,6.47,0.31,2.17
592343.265000,-0.895,-0.237,-0.394,1.31,0.7,0.15
592343.312000,-0.899,-0.228,-0.379,-3.17,3.39,-1.95
592343.359000,-0.885,-0.227,-0.375,1.98,1.92,0.98
592343.421000,-0.889,-0.239,-0.384,3.97,0.82,1.22
592343.468000,-0.888,-0.238,-0.386,3.51,0.61,0.43
592343.515000,-0.892,-0.226,-0.384,1.13,1.56,0.15
592343.562000,-0.903,-0.236,-0.377,0.89,2.11,1.5
592343.609000,-0.886,-0.225,-0.385,2.08,2.35,1.1
592343.656000,-0.879,-0.237,-0.386,3.97,0.58,3.42
592343.703000,-0.882,-0.248,-0.385,1.59,0.49,1.13
592343.750000,-0.887,-0.241,-0.375,0.67,-0.12,-0.06
592343.796000,-0.887,-0.235,-0.388,-1.71,-0.98,-0.95
592343.843000,-0.891,-0.229,-0.386,-2.96,-1.28,-1.98
592343.890000,-0.895,-0.232,-0.377,-2.38,-0.09,-0.98
592343.937000,-0.89,-0.233,-0.374,0.34,4.61,0.24
592344.000000,-0.888,-0.23,-0.381,3.33,-1.34,0.43
592344.046000,-0.891,-0.241,-0.392,0.58,-1.8,1.68
592344.093000,-0.892,-0.234,-0.379,-3.17,-0.06,-1.43
592344.140000,-0.887,-0.224,-0.376,-1.16,-0.24,-0.43
592344.187000,-0.892,-0.23,-0.385,1.86,-0.4,0.95
592344.234000,-0.896,-0.238,-0.378,2.35,1.22,1.5
592344.281000,-0.89,-0.233,-0.377,0.15,0.27,-0.58
592344.328000,-0.892,-0.228,-0.376,-1.07,0.46,-0.21
592344.375000,-0.898,-0.232,-0.376,0.34,0.52,0.24
592344.421000,-0.888,-0.233,-0.373,0.27,-0.06,0.52
592344.468000,-0.884,-0.235,-0.375,2.59,-0.82,1.74
592344.515000,-0.898,-0.239,-0.37,1.74,-0.24,0.52
592344.562000,-0.895,-0.219,-0.369,-0.79,-1.8,-0.7
592344.609000,-0.898,-0.239,-0.379,1.13,-0.73,2.5
592344.656000,-0.897,-0.237,-0.378,-0.92,0.03,0.58
592344.703000,-0.891,-0.235,-0.37,-1.01,0.79,0.4
592344.750000,-0.895,-0.237,-0.368,0.43,-0.09,1.07
592344.796000,-0.892,-0.231,-0.376,-2.81,0.67,-1.01
592344.843000,-0.897,-0.217,-0.369,-0.79,-0.85,0.37
592344.890000,-0.894,-0.235,-0.38,-0.7,-1.4,0.34
592344.937000,-0.897,-0.226,-0.366,0.4,-0.82,-0.03
592344.984000,-0.895,-0.233,-0.372,0.06,-0.49,0.7
592345.031000,-0.897,-0.232,-0.369,0.27,0.43,-0.27
592345.078000,-0.896,-0.229,-0.374,0.64,0.64,0.21
592345.125000,-0.893,-0.231,-0.368,1.01,1.01,1.16
592345.171000,-0.89,-0.233,-0.366,4.03,1.01,1.37
592345.218000,-0.892,-0.24,-0.378,4.0,-0.34,1.4
592345.265000,-0.896,-0.232,-0.378,-0.34,0.85,-0.4
592345.312000,-0.896,-0.221,-0.373,-0.85,0.95,0.24
592345.359000,-0.895,-0.225,-0.369,-1.22,0.98,0.27
592345.406000,-0.896,-0.229,-0.369,0.61,0.34,0.79
592345.453000,-0.895,-0.23,-0.371,0.52,-0.21,0.64
592345.500000,-0.897,-0.233,-0.371,0.06,-0.4,0.18
592345.546000,-0.898,-0.229,-0.371,1.5,0.43,0.46
592345.593000,-0.895,-0.23,-0.368,1.98,0.73,1.5
592345.640000,-0.898,-0.231,-0.364,4.67,-0.27,2.14
592345.687000,-0.896,-0.233,-0.367,3.08,0.43,1.77
592345.734000,-0.891,-0.23,-0.372,0.52,0.18,0.49
592345.781000,-0.886,-0.221,-0.361,1.59,-1.37,0.89
592345.828000,-0.863,-0.213,-0.367,2.47,-1.53,4.0
592345.875000,-0.843,-0.188,-0.357,14.1,-0.95,13.28
592345.921000,-0.864,-0.143,-0.346,28.53,-2.72,29.42
592345.968000,-0.902,-0.128,-0.37,18.07,-4.43,37.45
592346.015000,-0.909,-0.152,-0.302,-8.15,-1.89,31.31
592346.062000,-1.002,-0.176,-0.342,-4.03,-7.6,35.62
592346.109000,-0.99,-0.229,-0.359,0.7,-6.35,27.01
592346.156000,-0.964,-0.205,-0.351,3.51,-2.9,6.74
592346.203000,-0.944,-0.134,-0.342,-7.29,2.26,-4.67
592346.250000,-0.909,-0.097,-0.345,-6.56,1.53,-5.28
592346.296000,-0.918,-0.089,-0.317,-2.5,1.46,-1.25
592346.343000,-0.92,-0.107,-0.335,-0.15,-1.74,1.98
592346.390000,-0.938,-0.119,-0.343,-0.79,-0.67,1.22
592346.437000,-0.931,-0.107,-0.329,0.18,-0.4,1.16
592346.484000,-0.926,-0.11,-0.33,0.82,-0.15,1.59
592346.531000,-0.925,-0.101,-0.336,4.46,-0.58,3.27
592346.578000,-0.922,-0.108,-0.349,6.81,0.0,5.71
592346.625000,-0.932,-0.105,-0.381,14.8,0.37,6.44
592346.671000,-0.886,-0.092,-0.397,13.06,-0.95,7.69
592346.718000,-0.851,-0.079,-0.463,24.96,3.54,14.19
592346.765000,-0.849,-0.037,-0.474,55.51,22.28,23.83
592346.812000,-0.881,-0.012,-0.502,49.38,26.18,32.01
592346.859000,-0.891,-0.02,-0.508,30.52,41.47,38.64
592346.906000,-0.942,-0.064,-0.45,19.99,48.1,35.92
592346.953000,-0.969,-0.048,-0.404,29.54,41.14,37.11
592347.000000,-0.959,-0.106,-0.326,29.05,39.37,33.08
592347.046000,-0.971,-0.071,-0.234,37.78,29.08,21.39
592347.093000,-0.958,-0.023,-0.218,39.19,14.8,18.37
592347.140000,-0.935,0.013,-0.201,7.26,3.39,5.31
592347.187000,-0.941,0.027,-0.237,-16.66,-10.28,-0.43
592347.234000,-0.927,0.04,-0.304,-30.03,-17.03,0.85
592347.296000,-0.95,0.006,-0.343,-47.64,-13.15,1.19
592347.343000,-0.983,-0.012,-0.381,-54.96,-29.27,-15.75
592347.406000,-0.953,-0.014,-0.506,-65.83,-40.04,-39.64
592347.453000,-0.913,0.029,-0.533,-50.97,-46.45,-45.35
592347.500000,-0.349,0.016,-1.323,-50.75,-85.7,-38.79
592347.546000,-0.917,0.083,-0.365,20.87,42.97,-1.92
592347.593000,-0.98,0.076,-0.387,46.57,22.1,26.34
592347.640000,-0.802,-0.017,-0.594,-8.39,-28.26,7.02
592347.687000,-0.882,-0.01,-0.423,-5.28,42.3,1.53
592347.734000,-0.953,-0.001,-0.32,11.38,43.67,9.19
592347.781000,-0.956,-0.036,-0.331,30.61,13.73,19.78
592347.828000,-0.947,-0.047,-0.332,34.15,15.75,11.66
592347.875000,-0.962,-0.012,-0.285,18.98,10.16,-1.19
592347.921000,-0.946,-0.001,-0.293,8.39,4.46,-4.18
592347.968000,-0.933,-0.01,-0.303,-0.61,-1.89,-4.24
592348.015000,-0.929,-0.014,-0.328,-1.83,-5.65,-3.57
592348.062000,-0.939,-0.008,-0.33,-2.41,-10.77,-7.54
592348.109000,-0.921,-0.002,-0.386,-8.18,-15.08,-8.79
592348.156000,-0.915,0.003,-0.406,-13.67,-14.4,-11.6
592348.203000,-0.896,0.02,-0.415,-14.19,-15.69,-9.55
592348.250000,-0.89,0.016,-0.443,-18.22,-8.7,-3.02
592348.296000,-0.911,0.02,-0.43,-14.44,-5.71,1.07
592348.343000,-0.897,0.022,-0.435,-15.11,-5.77,4.27
592348.390000,-0.905,0.015,-0.426,-11.41,-0.06,6.84
592348.437000,-0.913,0.018,-0.407,-8.97,0.31,10.56
592348.484000,-0.911,0.001,-0.392,-3.33,1.8,13.7
592348.531000,-0.921,0.003,-0.36,3.54,0.58,13.89
592348.578000,-0.931,0.004,-0.349,-3.17,0.7,10.83
592348.625000,-0.935,-0.019,-0.343,-10.86,0.73,6.47
592348.671000,-0.936,-0.011,-0.342,-9.49,-0.79,3.17
592348.718000,-0.935,-0.025,-0.353,-7.9,-1.37,-0.82
592348.765000,-0.943,-0.018,-0.35,-1.43,-0.06,-5.58
592348.812000,-0.944,0.004,-0.35,8.09,-0.92,-7.42
592348.875000,-0.937,0.034,-0.346,11.08,-3.63,-11.08
592348.921000,-0.907,0.067,-0.351,19.23,-7.66,-9.4
592348.968000,-0.916,0.11,-0.357,5.19,-4.36,-4.82
592349.015000,-0.921,0.067,-0.373,-12.54,-2.96,-1.95
592349.062000,-0.923,0.03,-0.375,-9.61,-2.04,1.28
592349.109000,-0.92,0.018,-0.379,-4.36,0.55,5.25
592349.156000,-0.928,0.006,-0.366,-2.11,1.62,3.48
592349.203000,-0.933,0.004,-0.358,-0.82,2.87,3.78
592349.250000,-0.941,0.004,-0.331,-0.76,1.65,0.67
592349.296000,-0.939,-0.004,-0.331,1.16,2.08,0.58
592349.343000,-0.961,0.015,-0.314,9.64,0.95,-1.53
592349.390000,-0.949,0.028,-0.332,8.55,-1.95,-1.22
592349.437000,-0.937,0.031,-0.334,3.57,-2.17,-1.8
592349.484000,-0.92,0.031,-0.357,-0.21,-2.08,-0.52
592349.531000,-0.917,0.033,-0.368,-1.8,-1.65,2.23
592349.593000,-0.925,0.01,-0.387,-6.2,-1.59,3.69
592349.640000,-0.929,0.0,-0.389,-5.25,1.89,3.23
592349.687000,-0.927,-0.003,-0.393,-2.81,3.45,3.66
592349.734000,-0.926,-0.015,-0.377,-0.79,5.74,1.25
592349.781000,-0.92,0.001,-0.372,0.67,6.16,0.46
592349.828000,-0.928,-0.001,-0.351,0.55,7.35,-0.24
592349.875000,-0.93,0.004,-0.345,5.07,5.55,-0.03
592349.921000,-0.932,0.015,-0.339,5.62,5.43,-0.79
592349.984000,-0.931,0.021,-0.328,6.87,2.93,-1.86
592350.031000,-0.927,0.036,-0.332,5.92,-0.55,-2.56
592350.078000,-0.929,0.039,-0.345,2.44,-0.89,-1.56
592350.125000,-0.92,0.031,-0.356,2.66,-3.66,0.27
592350.187000,-0.916,0.035,-0.374,-0.43,-3.02,0.95
592350.234000,-0.925,0.019,-0.367,-0.31,-2.69,1.31
592350.281000,-0.918,0.021,-0.387,-1.92,-2.32,1.19
592350.328000,-0.919,0.01,-0.381,-0.89,-0.09,2.08
592350.375000,-0.918,0.009,-0.371,-0.09,-0.24,1.8
592350.437000,-0.923,0.002,-0.382,-2.69,1.8,1.13
592350.484000,-0.935,-0.003,-0.373,-0.61,2.11,0.58
592350.531000,-0.932,0.002,-0.368,-0.58,1.25,-0.7
592350.578000,-0.92,0.005,-0.373,-2.17,1.86,-1.89
592350.625000,-0.928,0.006,-0.365,-1.92,2.84,-1.98
592350.671000,-0.926,0.004,-0.365,-2.72,1.77,-2.23
592350.718000,-0.926,0.011,-0.363,-1.86,2.87,-3.36
592350.765000,-0.933,0.015,-0.365,-3.08,2.66,-3.11
592350.812000,-0.928,0.019,-0.361,-1.43,1.71,-4.39
592350.859000,-0.92,0.027,-0.369,-1.65,0.64,-4.3
592350.906000,-0.924,0.034,-0.367,-0.89,1.4,-2.56
592350.953000,-0.922,0.03,-0.367,-0.89,-0.15,-1.8
592351.000000,-0.913,0.032,-0.382,-1.31,0.21,-0.06
592351.046000,-0.917,0.022,-0.375,-2.5,1.25,1.8
592351.093000,-0.919,0.017,-0.376,-0.73,1.34,2.78
592351.140000,-0.92,0.014,-0.383,-1.65,2.47,2.69
592351.203000,-0.923,-0.0,-0.372,0.03,1.92,3.14
592351.250000,-0.923,0.005,-0.374,-0.09,1.59,0.89
