t_monotonic,left_distance_cm,left_status,right_distance_cm,right_status,sequence
325177.390000,98.0,Ok,82.0,Ok,0
325177.593000,101.0,Ok,93.0,Ok,1
325177.796000,91.0,Ok,89.0,Ok,2
325177.984000,90.0,Ok,95.0,Ok,3
325178.187000,91.0,Ok,94.0,Ok,4
325178.390000,96.0,Ok,87.0,Ok,5
325178.593000,95.0,Ok,88.0,Ok,6
325178.781000,95.0,Ok,89.0,Ok,7
325179.000000,85.0,Ok,96.0,Ok,8
325179.187000,79.0,Ok,92.0,Ok,9
325179.390000,86.0,Ok,92.0,Ok,10
325179.593000,84.0,Ok,92.0,Ok,11
325179.796000,95.0,Ok,97.0,Ok,12
325179.984000,87.0,Ok,86.0,Ok,13
325180.187000,95.0,Ok,89.0,Ok,14
325180.390000,102.0,Ok,84.0,Ok,15
325180.593000,80.0,Ok,79.0,Ok,16
325180.796000,78.0,Ok,81.0,Ok,17
325181.000000,79.0,Ok,82.0,Ok,18
325181.187000,78.0,Ok,84.0,Ok,19
325181.390000,77.0,Ok,91.0,Ok,20
325181.578000,100.0,Ok,99.0,Ok,21
325181.796000,118.0,Ok,143.0,Ok,22
325182.000000,152.0,Ok,97.0,Ok,23
325182.187000,128.0,Ok,93.0,Ok,24
325182.390000,112.0,Ok,113.0,Ok,25
325182.593000,121.0,Ok,39.0,Ok,26
325182.781000,134.0,Ok,52.0,Ok,27
325182.984000,134.0,Ok,59.0,Ok,28
325183.187000,104.0,Ok,62.0,Ok,29
325183.390000,73.0,Ok,60.0,Ok,30
325183.593000,86.0,Ok,56.0,Ok,31
325183.781000,127.0,Ok,55.0,Ok,32
325183.984000,131.0,Ok,55.0,Ok,33
325184.187000,137.0,Ok,60.0,Ok,34
325184.390000,129.0,Ok,92.0,Ok,35
325184.593000,102.0,Ok,74.0,Ok,36
325184.796000,137.0,Ok,99.0,Ok,37
325185.000000,115.0,Ok,105.0,Ok,38
325185.187000,112.0,Ok,101.0,Ok,39
325185.390000,111.0,Ok,129.0,Ok,40
325185.578000,115.0,Ok,108.0,Ok,41
325185.796000,115.0,Ok,99.0,Ok,42
325185.984000,110.0,Ok,104.0,Ok,43
325186.187000,119.0,Ok,122.0,Ok,44
325186.390000,119.0,Ok,105.0,Ok,45
325186.593000,115.0,Ok,102.0,Ok,46
325186.796000,120.0,Ok,104.0,Ok,47
325186.984000,116.0,Ok,106.0,Ok,48
325187.187000,84.0,Ok,97.0,Ok,49
325187.390000,88.0,Ok,96.0,Ok,50
325187.593000,79.0,Ok,99.0,Ok,51
325187.796000,82.0,Ok,100.0,Ok,52
325188.000000,93.0,Ok,99.0,Ok,53
325188.187000,87.0,Ok,126.0,Ok,54
325188.390000,91.0,Ok,130.0,Ok,55
325188.593000,91.0,Ok,127.0,Ok,56
325188.781000,94.0,Ok,132.0,Ok,57
325189.015000,92.0,Ok,134.0,Ok,58
325189.187000,90.0,Ok,89.0,Ok,59
325189.375000,82.0,Ok,89.0,Ok,60
325189.593000,86.0,Ok,84.0,Ok,61
325189.796000,82.0,Ok,86.0,Ok,62
325190.000000,82.0,Ok,83.0,Ok,63
325190.187000,81.0,Ok,84.0,Ok,64
325190.390000,83.0,Ok,90.0,Ok,65
325190.578000,80.0,Ok,91.0,Ok,66
325190.796000,85.0,Ok,87.0,Ok,67
325190.984000,86.0,Ok,92.0,Ok,68
325191.187000,81.0,Ok,96.0,Ok,69
325191.390000,84.0,Ok,86.0,Ok,70
325191.593000,84.0,Ok,92.0,Ok,71
325191.796000,82.0,Ok,91.0,Ok,72
325191.984000,83.0,Ok,81.0,Ok,73
325192.187000,86.0,Ok,94.0,Ok,74
325192.390000,84.0,Ok,74.0,Ok,75
325192.578000,87.0,Ok,92.0,Ok,76
325192.781000,84.0,Ok,87.0,Ok,77
325192.984000,85.0,Ok,85.0,Ok,78
325193.187000,86.0,Ok,84.0,Ok,79
325193.390000,84.0,Ok,85.0,Ok,80
325193.593000,87.0,Ok,90.0,Ok,81
325193.796000,83.0,Ok,82.0,Ok,82
325194.000000,108.0,Ok,80.0,Ok,83
325194.187000,118.0,Ok,83.0,Ok,84
325194.390000,127.0,Ok,85.0,Ok,85
325194.593000,135.0,Ok,99.0,Ok,86
325194.796000,152.0,Ok,89.0,Ok,87
325194.984000,142.0,Ok,95.0,Ok,88
325195.187000,115.0,Ok,94.0,Ok,89
325195.390000,74.0,Ok,85.0,Ok,90
325195.593000,77.0,Ok,121.0,Ok,91
325195.781000,75.0,Ok,123.0,Ok,92
325195.984000,99.0,Ok,113.0,Ok,93
325196.187000,64.0,Ok,102.0,Ok,94
325196.375000,138.0,Ok,105.0,Ok,95
325196.593000,70.0,Ok,100.0,Ok,96
325196.781000,60.0,Ok,101.0,Ok,97
325197.000000,66.0,Ok,103.0,Ok,98
325197.187000,65.0,Ok,96.0,Ok,99
325197.390000,69.0,Ok,88.0,Ok,100
325197.593000,68.0,Ok,77.0,Ok,101
325197.796000,65.0,Ok,77.0,Ok,102
325198.000000,112.0,Ok,78.0,Ok,103
325198.187000,64.0,Ok,81.0,Ok,104
325198.390000,79.0,Ok,91.0,Ok,105
325198.593000,72.0,Ok,92.0,Ok,106
325198.781000,69.0,Ok,97.0,Ok,107
325198.984000,69.0,Ok,96.0,Ok,108
325199.187000,110.0,Ok,108.0,Ok,109
325199.390000,89.0,Ok,113.0,Ok,110
325199.578000,90.0,Ok,105.0,Ok,111
325199.796000,68.0,Ok,100.0,Ok,112
325199.984000,58.0,Ok,103.0,Ok,113
325200.187000,67.0,Ok,101.0,Ok,114
325200.390000,69.0,Ok,99.0,Ok,115
325200.593000,74.0,Ok,92.0,Ok,116
325200.796000,72.0,Ok,93.0,Ok,117
325200.984000,67.0,Ok,103.0,Ok,118
325201.187000,68.0,Ok,107.0,Ok,119
325201.390000,69.0,Ok,103.0,Ok,120
325201.593000,76.0,Ok,83.0,Ok,121
325201.796000,115.0,Ok,82.0,Ok,122
325201.984000,108.0,Ok,68.0,Ok,123
325202.187000,94.0,Ok,62.0,Ok,124
325202.390000,109.0,Ok,62.0,Ok,125
325202.593000,109.0,Ok,68.0,Ok,126
325202.781000,121.0,Ok,64.0,Ok,127
325203.000000,109.0,Ok,62.0,Ok,128
325203.187000,104.0,Ok,77.0,Ok,129
325203.390000,101.0,Ok,79.0,Ok,130
325203.578000,119.0,Ok,46.0,Ok,131
325203.796000,103.0,Ok,99.0,Ok,132
325204.000000,134.0,Ok,130.0,Ok,133
325204.187000,118.0,Ok,70.0,Ok,134
325204.375000,126.0,Ok,55.0,Ok,135
325204.593000,121.0,Ok,54.0,Ok,136
325204.781000,112.0,Ok,59.0,Ok,137
325205.000000,120.0,Ok,53.0,Ok,138
325205.187000,123.0,Ok,59.0,Ok,139
325205.390000,124.0,Ok,64.0,Ok,140
325205.593000,119.0,Ok,61.0,Ok,141
325205.796000,114.0,Ok,67.0,Ok,142
325206.000000,112.0,Ok,99.0,Ok,143
325206.187000,107.0,Ok,128.0,Ok,144
325206.390000,76.0,Ok,124.0,Ok,145
325206.593000,98.0,Ok,109.0,Ok,146
325206.796000,91.0,Ok,120.0,Ok,147
325206.984000,92.0,Ok,120.0,Ok,148
325207.187000,90.0,Ok,117.0,Ok,149
325207.390000,102.0,Ok,120.0,Ok,150
325207.578000,106.0,Ok,120.0,Ok,151
325207.796000,102.0,Ok,122.0,Ok,152
325207.984000,105.0,Ok,122.0,Ok,153
325208.187000,105.0,Ok,122.0,Ok,154
325208.390000,100.0,Ok,122.0,Ok,155
325208.593000,110.0,Ok,123.0,Ok,156
325208.796000,113.0,Ok,122.0,Ok,157
325209.000000,115.0,Ok,122.0,Ok,158
325209.187000,113.0,Ok,118.0,Ok,159
325209.390000,118.0,Ok,117.0,Ok,160
325209.593000,111.0,Ok,111.0,Ok,161
325209.796000,113.0,Ok,113.0,Ok,162
325209.984000,109.0,Ok,119.0,Ok,163
325210.187000,107.0,Ok,117.0,Ok,164
325210.390000,112.0,Ok,74.0,Ok,165
325210.593000,101.0,Ok,52.0,Ok,166
325210.781000,122.0,Ok,48.0,Ok,167
325211.000000,118.0,Ok,54.0,Ok,168
325211.187000,105.0,Ok,60.0,Ok,169
325211.390000,107.0,Ok,58.0,Ok,170
325211.593000,104.0,Ok,59.0,Ok,171
325211.796000,115.0,Ok,53.0,Ok,172
325212.000000,116.0,Ok,60.0,Ok,173
325212.187000,114.0,Ok,69.0,Ok,174
325212.390000,110.0,Ok,95.0,Ok,175
325212.593000,106.0,Ok,119.0,Ok,176
325212.796000,116.0,Ok,119.0,Ok,177
325212.984000,105.0,Ok,116.0,Ok,178
325213.187000,94.0,Ok,118.0,Ok,179
325213.390000,101.0,Ok,119.0,Ok,180
325213.593000,111.0,Ok,120.0,Ok,181
325213.796000,127.0,Ok,122.0,Ok,182
325214.000000,122.0,Ok,125.0,Ok,183
325214.187000,130.0,Ok,133.0,Ok,184
325214.390000,121.0,Ok,133.0,Ok,185
325214.593000,118.0,Ok,92.0,Ok,186
325214.781000,117.0,Ok,124.0,Ok,187
325214.984000,114.0,Ok,129.0,Ok,188
325215.187000,112.0,Ok,122.0,Ok,189
325215.390000,111.0,Ok,123.0,Ok,190
325215.593000,111.0,Ok,148.0,Ok,191
325215.781000,114.0,Ok,118.0,Ok,192
325215.984000,113.0,Ok,53.0,Ok,193
325216.187000,83.0,Ok,51.0,Ok,194
325216.390000,118.0,Ok,66.0,Ok,195
325216.593000,103.0,Ok,63.0,Ok,196
325216.781000,105.0,Ok,53.0,Ok,197
325217.000000,114.0,Ok,50.0,Ok,198
325217.187000,111.0,Ok,61.0,Ok,199
325217.390000,107.0,Ok,59.0,Ok,200
325217.593000,106.0,Ok,59.0,Ok,201
325217.796000,99.0,Ok,60.0,Ok,202
325217.984000,104.0,Ok,64.0,Ok,203
325218.187000,91.0,Ok,82.0,Ok,204
325218.390000,109.0,Ok,99.0,Ok,205
325218.593000,113.0,Ok,99.0,Ok,206
325218.781000,122.0,Ok,100.0,Ok,207
325219.000000,117.0,Ok,107.0,Ok,208
325219.187000,121.0,Ok,105.0,Ok,209
325219.390000,119.0,Ok,106.0,Ok,210
325219.593000,115.0,Ok,112.0,Ok,211
325219.796000,111.0,Ok,118.0,Ok,212
325220.000000,101.0,Ok,119.0,Ok,213
325220.187000,109.0,Ok,117.0,Ok,214
325220.390000,108.0,Ok,120.0,Ok,215
325220.593000,107.0,Ok,117.0,Ok,216
325220.796000,109.0,Ok,118.0,Ok,217
325220.984000,103.0,Ok,117.0,Ok,218
325221.187000,111.0,Ok,109.0,Ok,219
325221.390000,107.0,Ok,91.0,Ok,220
325221.578000,110.0,Ok,68.0,Ok,221
325221.796000,105.0,Ok,61.0,Ok,222
325221.984000,117.0,Ok,61.0,Ok,223
325222.187000,117.0,Ok,58.0,Ok,224
325222.390000,107.0,Ok,62.0,Ok,225
325222.593000,100.0,Ok,56.0,Ok,226
325222.796000,111.0,Ok,54.0,Ok,227
325222.984000,114.0,Ok,57.0,Ok,228
325223.187000,120.0,Ok,58.0,Ok,229
325223.390000,123.0,Ok,56.0,Ok,230
325223.593000,117.0,Ok,54.0,Ok,231
325223.781000,112.0,Ok,58.0,Ok,232
325223.984000,111.0,Ok,126.0,Ok,233
325224.187000,104.0,Ok,108.0,Ok,234
325224.390000,100.0,Ok,114.0,Ok,235
325224.593000,90.0,Ok,118.0,Ok,236
325224.796000,87.0,Ok,118.0,Ok,237
325225.000000,103.0,Ok,122.0,Ok,238
325225.187000,119.0,Ok,121.0,Ok,239
325225.390000,116.0,Ok,120.0,Ok,240
325225.578000,140.0,Ok,114.0,Ok,241
325225.812000,127.0,Ok,120.0,Ok,242
325226.000000,135.0,Ok,129.0,Ok,243
325226.187000,77.0,Ok,146.0,Ok,244
325226.390000,108.0,Ok,133.0,Ok,245
325226.593000,87.0,Ok,130.0,Ok,246
325226.796000,112.0,Ok,126.0,Ok,247
325226.984000,122.0,Ok,122.0,Ok,248
325227.187000,84.0,Ok,119.0,Ok,249
325227.390000,107.0,Ok,93.0,Ok,250
325227.593000,111.0,Ok,67.0,Ok,251
325227.781000,129.0,Ok,56.0,Ok,252
325228.000000,112.0,Ok,56.0,Ok,253
325228.187000,116.0,Ok,57.0,Ok,254
325228.390000,120.0,Ok,59.0,Ok,255
325228.593000,115.0,Ok,56.0,Ok,256
325228.796000,117.0,Ok,62.0,Ok,257
325228.984000,124.0,Ok,58.0,Ok,258
325229.187000,114.0,Ok,63.0,Ok,259
325229.390000,108.0,Ok,61.0,Ok,260
325229.593000,101.0,Ok,61.0,Ok,261
325229.796000,115.0,Ok,59.0,Ok,262
325229.984000,113.0,Ok,61.0,Ok,263
325230.187000,112.0,Ok,60.0,Ok,264
325230.390000,114.0,Ok,59.0,Ok,265
325230.593000,111.0,Ok,63.0,Ok,266
325230.796000,107.0,Ok,59.0,Ok,267
325230.984000,114.0,Ok,61.0,Ok,268
325231.187000,111.0,Ok,62.0,Ok,269
325231.390000,114.0,Ok,65.0,Ok,270
325231.593000,115.0,Ok,62.0,Ok,271
325231.781000,106.0,Ok,64.0,Ok,272
325232.000000,105.0,Ok,64.0,Ok,273
325232.187000,96.0,Ok,67.0,Ok,274
325232.390000,104.0,Ok,64.0,Ok,275
325232.593000,110.0,Ok,67.0,Ok,276
325232.781000,116.0,Ok,66.0,Ok,277
325232.984000,110.0,Ok,67.0,Ok,278
325233.187000,111.0,Ok,69.0,Ok,279
325233.390000,117.0,Ok,66.0,Ok,280
325233.593000,109.0,Ok,67.0,Ok,281
325233.781000,118.0,Ok,68.0,Ok,282
325233.984000,120.0,Ok,69.0,Ok,283
325234.187000,125.0,Ok,67.0,Ok,284
325234.390000,121.0,Ok,64.0,Ok,285
325234.578000,126.0,Ok,66.0,Ok,286
325234.796000,124.0,Ok,62.0,Ok,287
325234.984000,116.0,Ok,76.0,Ok,288
325235.187000,114.0,Ok,100.0,Ok,289
325235.390000,111.0,Ok,106.0,Ok,290
325235.593000,112.0,Ok,116.0,Ok,291
325235.781000,109.0,Ok,112.0,Ok,292
325236.000000,101.0,Ok,117.0,Ok,293
325236.187000,77.0,Ok,113.0,Ok,294
325236.390000,99.0,Ok,104.0,Ok,295
325236.593000,117.0,Ok,115.0,Ok,296
325236.781000,108.0,Ok,109.0,Ok,297
325236.984000,106.0,Ok,106.0,Ok,298
325237.187000,114.0,Ok,108.0,Ok,299
325237.390000,99.0,Ok,125.0,Ok,300
325237.593000,112.0,Ok,113.0,Ok,301
325237.796000,97.0,Ok,104.0,Ok,302
325237.984000,100.0,Ok,123.0,Ok,303
325238.187000,97.0,Ok,133.0,Ok,304
325238.390000,100.0,Ok,115.0,Ok,305
325238.593000,119.0,Ok,88.0,Ok,306
325238.796000,118.0,Ok,82.0,Ok,307
325238.984000,110.0,Ok,79.0,Ok,308
325239.187000,112.0,Ok,74.0,Ok,309
325239.390000,111.0,Ok,122.0,Ok,310
325239.593000,95.0,Ok,93.0,Ok,311
325239.796000,107.0,Ok,92.0,Ok,312
325240.000000,101.0,Ok,81.0,Ok,313
325240.187000,94.0,Ok,76.0,Ok,314
325240.390000,85.0,Ok,44.0,Ok,315
325240.593000,122.0,Ok,48.0,Ok,316
325240.796000,93.0,Ok,62.0,Ok,317
325240.984000,122.0,Ok,50.0,Ok,318
325241.187000,118.0,Ok,107.0,Ok,319
325241.390000,107.0,Ok,108.0,Ok,320
325241.593000,106.0,Ok,67.0,Ok,321
325241.796000,110.0,Ok,52.0,Ok,322
325241.984000,104.0,Ok,54.0,Ok,323
325242.187000,104.0,Ok,56.0,Ok,324
325242.390000,101.0,Ok,61.0,Ok,325
325242.593000,104.0,Ok,61.0,Ok,326
325242.796000,109.0,Ok,59.0,Ok,327
325242.984000,106.0,Ok,60.0,Ok,328
325243.187000,111.0,Ok,60.0,Ok,329
325243.390000,107.0,Ok,57.0,Ok,330
325243.593000,107.0,Ok,61.0,Ok,331
325243.796000,99.0,Ok,65.0,Ok,332
325244.000000,97.0,Ok,71.0,Ok,333
325244.187000,97.0,Ok,81.0,Ok,334
325244.390000,96.0,Ok,104.0,Ok,335
325244.593000,95.0,Ok,109.0,Ok,336
325244.796000,90.0,Ok,132.0,Ok,337
325244.984000,100.0,Ok,120.0,Ok,338
325245.187000,80.0,Ok,110.0,Ok,339
325245.390000,90.0,Ok,118.0,Ok,340
325245.578000,98.0,Ok,111.0,Ok,341
325245.796000,88.0,Ok,114.0,Ok,342
325245.984000,89.0,Ok,101.0,Ok,343
325246.187000,94.0,Ok,107.0,Ok,344
325246.390000,89.0,Ok,111.0,Ok,345
325246.593000,87.0,Ok,109.0,Ok,346
325246.781000,91.0,Ok,107.0,Ok,347
325246.984000,91.0,Ok,116.0,Ok,348
325247.187000,86.0,Ok,107.0,Ok,349
325247.390000,96.0,Ok,111.0,Ok,350
325247.593000,97.0,Ok,107.0,Ok,351
325247.781000,99.0,Ok,91.0,Ok,352
325247.984000,85.0,Ok,67.0,Ok,353
325248.187000,103.0,Ok,50.0,Ok,354
325248.390000,86.0,Ok,48.0,Ok,355
325248.593000,87.0,Ok,48.0,Ok,356
325248.781000,89.0,Ok,49.0,Ok,357
325249.015000,90.0,Ok,53.0,Ok,358
325249.187000,99.0,Ok,56.0,Ok,359
325249.390000,94.0,Ok,57.0,Ok,360
325249.593000,98.0,Ok,54.0,Ok,361
325249.796000,98.0,Ok,54.0,Ok,362
325249.984000,101.0,Ok,56.0,Ok,363
325250.187000,102.0,Ok,52.0,Ok,364
325250.390000,112.0,Ok,54.0,Ok,365
325250.578000,105.0,Ok,53.0,Ok,366
325250.796000,114.0,Ok,54.0,Ok,367
325250.984000,110.0,Ok,53.0,Ok,368
325251.187000,112.0,Ok,49.0,Ok,369
325251.390000,102.0,Ok,54.0,Ok,370
325251.593000,98.0,Ok,54.0,Ok,371
325251.781000,99.0,Ok,54.0,Ok,372
325252.000000,94.0,Ok,56.0,Ok,373
325252.187000,104.0,Ok,57.0,Ok,374
325252.390000,100.0,Ok,58.0,Ok,375
325252.593000,102.0,Ok,60.0,Ok,376
325252.796000,105.0,Ok,63.0,Ok,377
325252.984000,110.0,Ok,58.0,Ok,378
325253.187000,108.0,Ok,65.0,Ok,379
325253.390000,104.0,Ok,67.0,Ok,380
325253.593000,103.0,Ok,62.0,Ok,381
325253.796000,109.0,Ok,67.0,Ok,382
325253.984000,99.0,Ok,88.0,Ok,383
325254.187000,91.0,Ok,105.0,Ok,384
325254.390000,79.0,Ok,111.0,Ok,385
325254.593000,77.0,Ok,112.0,Ok,386
325254.796000,81.0,Ok,109.0,Ok,387
325254.984000,84.0,Ok,111.0,Ok,388
325255.187000,82.0,Ok,109.0,Ok,389
325255.390000,80.0,Ok,102.0,Ok,390
325255.593000,88.0,Ok,107.0,Ok,391
325255.828000,80.0,Ok,109.0,Ok,392
325255.984000,83.0,Ok,113.0,Ok,393
325256.187000,81.0,Ok,105.0,Ok,394
325256.390000,74.0,Ok,107.0,Ok,395
325256.593000,80.0,Ok,107.0,Ok,396
325256.796000,83.0,Ok,101.0,Ok,397
325256.984000,84.0,Ok,102.0,Ok,398
325257.187000,89.0,Ok,103.0,Ok,399
325257.390000,87.0,Ok,103.0,Ok,400
325257.593000,94.0,Ok,99.0,Ok,401
325257.781000,91.0,Ok,81.0,Ok,402
325257.984000,79.0,Ok,61.0,Ok,403
325258.187000,107.0,Ok,65.0,Ok,404
325258.390000,104.0,Ok,57.0,Ok,405
325258.593000,102.0,Ok,66.0,Ok,406
325258.781000,103.0,Ok,62.0,Ok,407
325258.984000,99.0,Ok,62.0,Ok,408
325259.187000,96.0,Ok,61.0,Ok,409
325259.390000,103.0,Ok,64.0,Ok,410
325259.593000,97.0,Ok,61.0,Ok,411
325259.796000,94.0,Ok,64.0,Ok,412
325259.984000,99.0,Ok,61.0,Ok,413
325260.187000,102.0,Ok,61.0,Ok,414
325260.375000,107.0,Ok,61.0,Ok,415
325260.593000,101.0,Ok,51.0,Ok,416
325260.796000,101.0,Ok,53.0,Ok,417
325260.984000,98.0,Ok,61.0,Ok,418
325261.187000,101.0,Ok,65.0,Ok,419
325261.390000,134.0,Ok,133.0,Ok,420
325261.593000,92.0,Ok,108.0,Ok,421
325261.781000,85.0,Ok,112.0,Ok,422
325261.984000,85.0,Ok,115.0,Ok,423
325262.187000,82.0,Ok,104.0,Ok,424
325262.390000,88.0,Ok,115.0,Ok,425
325262.593000,83.0,Ok,116.0,Ok,426
325262.796000,93.0,Ok,109.0,Ok,427
325262.984000,89.0,Ok,116.0,Ok,428
325263.187000,85.0,Ok,98.0,Ok,429
325263.390000,92.0,Ok,100.0,Ok,430
325263.593000,91.0,Ok,140.0,Ok,431
325263.781000,93.0,Ok,152.0,Ok,432
325263.984000,96.0,Ok,121.0,Ok,433
325264.187000,92.0,Ok,128.0,Ok,434
325264.390000,90.0,Ok,112.0,Ok,435
325264.593000,89.0,Ok,110.0,Ok,436
325264.796000,95.0,Ok,89.0,Ok,437
325264.984000,99.0,Ok,57.0,Ok,438
325265.187000,96.0,Ok,56.0,Ok,439
325265.390000,67.0,Ok,52.0,Ok,440
325265.593000,92.0,Ok,54.0,Ok,441
325265.796000,99.0,Ok,51.0,Ok,442
325265.984000,104.0,Ok,55.0,Ok,443
325266.187000,84.0,Ok,54.0,Ok,444
325266.390000,96.0,Ok,55.0,Ok,445
325266.593000,99.0,Ok,62.0,Ok,446
325266.796000,106.0,Ok,64.0,Ok,447
325267.000000,96.0,Ok,62.0,Ok,448
325267.187000,93.0,Ok,69.0,Ok,449
325267.390000,91.0,Ok,67.0,Ok,450
325267.593000,96.0,Ok,66.0,Ok,451
325267.796000,90.0,Ok,64.0,Ok,452
325267.984000,102.0,Ok,65.0,Ok,453
325268.187000,98.0,Ok,62.0,Ok,454
325268.390000,98.0,Ok,64.0,Ok,455
325268.593000,98.0,Ok,66.0,Ok,456
325268.796000,93.0,Ok,63.0,Ok,457
325269.000000,94.0,Ok,63.0,Ok,458
325269.187000,102.0,Ok,62.0,Ok,459
325269.390000,105.0,Ok,57.0,Ok,460
325269.593000,102.0,Ok,60.0,Ok,461
325269.796000,102.0,Ok,59.0,Ok,462
325269.984000,100.0,Ok,57.0,Ok,463
325270.187000,99.0,Ok,70.0,Ok,464
325270.390000,84.0,Ok,99.0,Ok,465
325270.593000,98.0,Ok,121.0,Ok,466
325270.796000,79.0,Ok,129.0,Ok,467
325270.984000,90.0,Ok,118.0,Ok,468
325271.187000,90.0,Ok,139.0,Ok,469
325271.390000,89.0,Ok,126.0,Ok,470
325271.593000,92.0,Ok,110.0,Ok,471
325271.781000,95.0,Ok,107.0,Ok,472
325271.984000,96.0,Ok,110.0,Ok,473
325272.187000,91.0,Ok,107.0,Ok,474
325272.390000,92.0,Ok,107.0,Ok,475
325272.578000,93.0,Ok,112.0,Ok,476
325272.796000,80.0,Ok,107.0,Ok,477
325272.984000,87.0,Ok,113.0,Ok,478
325273.187000,94.0,Ok,93.0,Ok,479
325273.390000,91.0,Ok,78.0,Ok,480
325273.593000,103.0,Ok,57.0,Ok,481
325273.796000,104.0,Ok,53.0,Ok,482
325274.000000,96.0,Ok,53.0,Ok,483
325274.187000,111.0,Ok,59.0,Ok,484
325274.390000,90.0,Ok,55.0,Ok,485
325274.593000,87.0,Ok,61.0,Ok,486
325274.796000,79.0,Ok,63.0,Ok,487
325274.984000,76.0,Ok,61.0,Ok,488
325275.187000,102.0,Ok,61.0,Ok,489
325275.375000,91.0,Ok,57.0,Ok,490
325275.593000,106.0,Ok,59.0,Ok,491
325275.796000,117.0,Ok,58.0,Ok,492
325275.984000,111.0,Ok,61.0,Ok,493
325276.187000,108.0,Ok,63.0,Ok,494
325276.375000,106.0,Ok,62.0,Ok,495
325276.593000,100.0,Ok,64.0,Ok,496
325276.781000,107.0,Ok,65.0,Ok,497
325276.984000,105.0,Ok,67.0,Ok,498
325277.187000,111.0,Ok,60.0,Ok,499
325277.390000,111.0,Ok,61.0,Ok,500
325277.593000,114.0,Ok,66.0,Ok,501
325277.781000,114.0,Ok,64.0,Ok,502
325278.000000,114.0,Ok,63.0,Ok,503
325278.187000,109.0,Ok,64.0,Ok,504
325278.390000,106.0,Ok,65.0,Ok,505
325278.593000,64.0,Ok,65.0,Ok,506
325278.796000,69.0,Ok,66.0,Ok,507
325279.000000,105.0,Ok,65.0,Ok,508
325279.187000,99.0,Ok,66.0,Ok,509
325279.390000,98.0,Ok,64.0,Ok,510
325279.593000,114.0,Ok,65.0,Ok,511
325279.796000,113.0,Ok,68.0,Ok,512
325280.000000,73.0,Ok,69.0,Ok,513
325280.187000,108.0,Ok,70.0,Ok,514
325280.390000,92.0,Ok,68.0,Ok,515
325280.593000,100.0,Ok,70.0,Ok,516
325280.781000,95.0,Ok,68.0,Ok,517
325281.000000,103.0,Ok,69.0,Ok,518
325281.171000,107.0,Ok,66.0,Ok,519
325281.390000,107.0,Ok,71.0,Ok,520
325281.593000,99.0,Ok,69.0,Ok,521
325281.796000,108.0,Ok,69.0,Ok,522
325282.000000,109.0,Ok,72.0,Ok,523
325282.187000,100.0,Ok,83.0,Ok,524
325282.390000,99.0,Ok,75.0,Ok,525
325282.593000,99.0,Ok,99.0,Ok,526
325282.796000,105.0,Ok,99.0,Ok,527
325282.984000,104.0,Ok,89.0,Ok,528
325283.187000,107.0,Ok,87.0,Ok,529
325283.390000,106.0,Ok,67.0,Ok,530
325283.593000,103.0,Ok,80.0,Ok,531
325283.781000,88.0,Ok,102.0,Ok,532
325284.000000,91.0,Ok,96.0,Ok,533
325284.187000,97.0,Ok,75.0,Ok,534
325284.375000,106.0,Ok,94.0,Ok,535
325284.593000,96.0,Ok,107.0,Ok,536
325284.796000,103.0,Ok,77.0,Ok,537
325284.984000,101.0,Ok,67.0,Ok,538
325285.187000,99.0,Ok,63.0,Ok,539
325285.390000,105.0,Ok,115.0,Ok,540
325285.578000,93.0,Ok,83.0,Ok,541
325285.796000,89.0,Ok,91.0,Ok,542
325286.000000,88.0,Ok,105.0,Ok,543
325286.187000,91.0,Ok,61.0,Ok,544
325286.390000,98.0,Ok,86.0,Ok,545
325286.593000,91.0,Ok,60.0,Ok,546
325286.796000,103.0,Ok,67.0,Ok,547
325286.984000,99.0,Ok,101.0,Ok,548
325287.187000,97.0,Ok,93.0,Ok,549
325287.390000,93.0,Ok,83.0,Ok,550
325287.593000,93.0,Ok,86.0,Ok,551
325287.781000,99.0,Ok,101.0,Ok,552
325288.000000,97.0,Ok,97.0,Ok,553
325288.187000,96.0,Ok,88.0,Ok,554
325288.390000,101.0,Ok,80.0,Ok,555
325288.593000,98.0,Ok,76.0,Ok,556
325288.796000,90.0,Ok,77.0,Ok,557
325288.984000,92.0,Ok,103.0,Ok,558
325289.187000,97.0,Ok,108.0,Ok,559
325289.390000,95.0,Ok,101.0,Ok,560
325289.593000,93.0,Ok,90.0,Ok,561
325289.796000,93.0,Ok,86.0,Ok,562
325289.984000,94.0,Ok,89.0,Ok,563
325290.187000,95.0,Ok,92.0,Ok,564
325290.390000,92.0,Ok,93.0,Ok,565
325290.593000,94.0,Ok,103.0,Ok,566
325290.781000,94.0,Ok,101.0,Ok,567
325290.984000,96.0,Ok,94.0,Ok,568
325291.187000,90.0,Ok,100.0,Ok,569
325291.390000,96.0,Ok,109.0,Ok,570
325291.593000,102.0,Ok,102.0,Ok,571
325291.796000,98.0,Ok,74.0,Ok,572
325291.984000,96.0,Ok,135.0,Ok,573
325292.187000,98.0,Ok,79.0,Ok,574
325292.390000,92.0,Ok,100.0,Ok,575
325292.593000,94.0,Ok,109.0,Ok,576
325292.796000,97.0,Ok,128.0,Ok,577
325293.000000,93.0,Ok,119.0,Ok,578
325293.187000,96.0,Ok,112.0,Ok,579
325293.390000,93.0,Ok,119.0,Ok,580
325293.593000,92.0,Ok,112.0,Ok,581
325293.781000,94.0,Ok,83.0,Ok,582
325293.984000,104.0,Ok,107.0,Ok,583
325294.187000,86.0,Ok,96.0,Ok,584
325294.375000,99.0,Ok,84.0,Ok,585
325294.593000,84.0,Ok,85.0,Ok,586
325294.796000,84.0,Ok,94.0,Ok,587
325294.984000,85.0,Ok,90.0,Ok,588
325295.187000,91.0,Ok,134.0,Ok,589
325295.390000,107.0,Ok,94.0,Ok,590
325295.593000,107.0,Ok,95.0,Ok,591
325295.796000,90.0,Ok,96.0,Ok,592
325295.984000,82.0,Ok,81.0,Ok,593
325296.187000,79.0,Ok,76.0,Ok,594
325296.390000,83.0,Ok,91.0,Ok,595
325296.578000,75.0,Ok,87.0,Ok,596
325296.796000,70.0,Ok,89.0,Ok,597
325296.984000,77.0,Ok,81.0,Ok,598
325297.187000,76.0,Ok,84.0,Ok,599
325297.390000,76.0,Ok,89.0,Ok,600
325297.593000,70.0,Ok,86.0,Ok,601
325297.796000,69.0,Ok,88.0,Ok,602
325297.984000,71.0,Ok,86.0,Ok,603
325298.187000,69.0,Ok,84.0,Ok,604
325298.390000,77.0,Ok,80.0,Ok,605
325298.593000,74.0,Ok,69.0,Ok,606
325298.796000,125.0,Ok,82.0,Ok,607
325298.984000,111.0,Ok,84.0,Ok,608
325299.187000,78.0,Ok,76.0,Ok,609
325299.390000,87.0,Ok,79.0,Ok,610
325299.593000,82.0,Ok,92.0,Ok,611
325299.796000,79.0,Ok,85.0,Ok,612
325300.000000,75.0,Ok,85.0,Ok,613
325300.187000,80.0,Ok,92.0,Ok,614
325300.375000,77.0,Ok,86.0,Ok,615
325300.593000,89.0,Ok,99.0,Ok,616
325300.812000,85.0,Ok,89.0,Ok,617
325301.000000,100.0,Ok,84.0,Ok,618
325301.187000,111.0,Ok,92.0,Ok,619
325301.390000,92.0,Ok,81.0,Ok,620
325301.578000,75.0,Ok,87.0,Ok,621
325301.781000,90.0,Ok,84.0,Ok,622
325302.000000,102.0,Ok,90.0,Ok,623
325302.187000,89.0,Ok,86.0,Ok,624
325302.390000,90.0,Ok,86.0,Ok,625
325302.593000,93.0,Ok,65535.0,RangingRxTimeout,626
325302.796000,88.0,Ok,91.0,Ok,627
325302.984000,81.0,Ok,83.0,Ok,628
325303.187000,83.0,Ok,87.0,Ok,629
325303.375000,85.0,Ok,85.0,Ok,630
325303.593000,82.0,Ok,89.0,Ok,631
325303.796000,92.0,Ok,94.0,Ok,632
325303.984000,106.0,Ok,92.0,Ok,633
325304.187000,90.0,Ok,92.0,Ok,634
325304.390000,87.0,Ok,87.0,Ok,635
325304.593000,91.0,Ok,88.0,Ok,636
325304.796000,95.0,Ok,83.0,Ok,637
325304.984000,85.0,Ok,92.0,Ok,638
325305.187000,77.0,Ok,86.0,Ok,639
325305.390000,75.0,Ok,84.0,Ok,640
325305.593000,81.0,Ok,84.0,Ok,641
325305.781000,83.0,Ok,103.0,Ok,642
325305.984000,81.0,Ok,139.0,Ok,643
325306.187000,86.0,Ok,127.0,Ok,644
325306.390000,91.0,Ok,120.0,Ok,645
325306.593000,89.0,Ok,94.0,Ok,646
325306.796000,90.0,Ok,82.0,Ok,647
325306.984000,94.0,Ok,87.0,Ok,648
325307.187000,96.0,Ok,91.0,Ok,649
325307.390000,92.0,Ok,94.0,Ok,650
325307.593000,102.0,Ok,94.0,Ok,651
325307.796000,102.0,Ok,90.0,Ok,652
325308.000000,99.0,Ok,84.0,Ok,653
325308.187000,97.0,Ok,81.0,Ok,654
325308.390000,109.0,Ok,89.0,Ok,655
325308.593000,93.0,Ok,81.0,Ok,656
325308.796000,90.0,Ok,77.0,Ok,657
325308.984000,93.0,Ok,86.0,Ok,658
325309.187000,92.0,Ok,90.0,Ok,659
325309.390000,92.0,Ok,84.0,Ok,660
325309.593000,93.0,Ok,86.0,Ok,661
325309.781000,100.0,Ok,81.0,Ok,662
325310.000000,99.0,Ok,78.0,Ok,663
325310.187000,99.0,Ok,77.0,Ok,664
325310.390000,92.0,Ok,86.0,Ok,665
325310.593000,98.0,Ok,82.0,Ok,666
325310.781000,110.0,Ok,85.0,Ok,667
325311.000000,107.0,Ok,86.0,Ok,668
325311.187000,92.0,Ok,85.0,Ok,669
325311.390000,94.0,Ok,87.0,Ok,670
325311.593000,89.0,Ok,85.0,Ok,671
325311.796000,87.0,Ok,84.0,Ok,672
325311.984000,106.0,Ok,83.0,Ok,673
325312.187000,127.0,Ok,88.0,Ok,674
325312.390000,128.0,Ok,96.0,Ok,675
325312.578000,108.0,Ok,75.0,Ok,676
325312.781000,103.0,Ok,84.0,Ok,677
325313.000000,115.0,Ok,90.0,Ok,678
325313.187000,108.0,Ok,91.0,Ok,679
325313.390000,115.0,Ok,85.0,Ok,680
325313.593000,148.0,Ok,87.0,Ok,681
325313.781000,138.0,Ok,94.0,Ok,682
325313.984000,105.0,Ok,88.0,Ok,683
325314.187000,108.0,Ok,86.0,Ok,684
325314.390000,106.0,Ok,86.0,Ok,685
325314.593000,81.0,Ok,91.0,Ok,686
325314.796000,104.0,Ok,83.0,Ok,687
325315.000000,146.0,Ok,84.0,Ok,688
325315.187000,115.0,Ok,84.0,Ok,689
325315.390000,88.0,Ok,79.0,Ok,690
325315.593000,112.0,Ok,91.0,Ok,691
325315.796000,108.0,Ok,90.0,Ok,692
325316.000000,87.0,Ok,99.0,Ok,693
325316.187000,91.0,Ok,99.0,Ok,694
325316.390000,95.0,Ok,93.0,Ok,695
325316.593000,101.0,Ok,84.0,Ok,696
325316.781000,99.0,Ok,88.0,Ok,697
325316.984000,102.0,Ok,88.0,Ok,698
325317.187000,99.0,Ok,84.0,Ok,699
325317.390000,104.0,Ok,92.0,Ok,700
325317.593000,102.0,Ok,95.0,Ok,701
325317.781000,100.0,Ok,91.0,Ok,702
325318.000000,101.0,Ok,92.0,Ok,703
325318.187000,102.0,Ok,83.0,Ok,704
325318.390000,100.0,Ok,84.0,Ok,705
325318.593000,99.0,Ok,84.0,Ok,706
325318.796000,98.0,Ok,88.0,Ok,707
325318.984000,99.0,Ok,89.0,Ok,708
325319.187000,105.0,Ok,83.0,Ok,709
325319.390000,105.0,Ok,87.0,Ok,710
325319.593000,99.0,Ok,90.0,Ok,711
325319.796000,101.0,Ok,91.0,Ok,712
325319.984000,97.0,Ok,85.0,Ok,713
325320.187000,104.0,Ok,82.0,Ok,714
325320.390000,88.0,Ok,82.0,Ok,715
325320.593000,94.0,Ok,78.0,Ok,716
325320.796000,99.0,Ok,85.0,Ok,717
325320.984000,101.0,Ok,84.0,Ok,718
325321.187000,96.0,Ok,86.0,Ok,719
325321.390000,86.0,Ok,83.0,Ok,720
325321.593000,70.0,Ok,96.0,Ok,721
325321.781000,77.0,Ok,101.0,Ok,722
325321.984000,77.0,Ok,109.0,Ok,723
325322.187000,77.0,Ok,108.0,Ok,724
325322.390000,80.0,Ok,105.0,Ok,725
325322.593000,77.0,Ok,107.0,Ok,726
325322.796000,72.0,Ok,110.0,Ok,727
325322.984000,73.0,Ok,110.0,Ok,728
325323.187000,74.0,Ok,112.0,Ok,729
325323.390000,78.0,Ok,107.0,Ok,730
325323.593000,72.0,Ok,89.0,Ok,731
325323.796000,79.0,Ok,93.0,Ok,732
325323.984000,141.0,Ok,79.0,Ok,733
325324.187000,112.0,Ok,86.0,Ok,734
325324.390000,118.0,Ok,84.0,Ok,735
325324.593000,98.0,Ok,81.0,Ok,736
325324.796000,161.0,Ok,85.0,Ok,737
325324.984000,85.0,Ok,78.0,Ok,738
325325.187000,91.0,Ok,85.0,Ok,739
325325.390000,113.0,Ok,87.0,Ok,740
325325.578000,114.0,Ok,95.0,Ok,741
325325.796000,101.0,Ok,83.0,Ok,742
325325.984000,86.0,Ok,78.0,Ok,743
325326.187000,94.0,Ok,87.0,Ok,744
325326.390000,93.0,Ok,89.0,Ok,745
325326.578000,99.0,Ok,87.0,Ok,746
325326.796000,94.0,Ok,86.0,Ok,747
325326.984000,91.0,Ok,85.0,Ok,748
325327.187000,90.0,Ok,86.0,Ok,749
325327.390000,82.0,Ok,88.0,Ok,750
325327.578000,83.0,Ok,89.0,Ok,751
325327.796000,92.0,Ok,93.0,Ok,752
325327.984000,90.0,Ok,88.0,Ok,753
325328.187000,101.0,Ok,88.0,Ok,754
325328.390000,101.0,Ok,87.0,Ok,755
325328.593000,98.0,Ok,91.0,Ok,756
325328.796000,114.0,Ok,90.0,Ok,757
325328.984000,105.0,Ok,82.0,Ok,758
325329.187000,108.0,Ok,91.0,Ok,759
325329.375000,108.0,Ok,87.0,Ok,760
325329.593000,103.0,Ok,86.0,Ok,761
325329.781000,100.0,Ok,89.0,Ok,762
325330.000000,99.0,Ok,84.0,Ok,763
325330.187000,100.0,Ok,87.0,Ok,764
325330.390000,107.0,Ok,89.0,Ok,765
325330.593000,121.0,Ok,91.0,Ok,766
325330.796000,117.0,Ok,95.0,Ok,767
325330.984000,107.0,Ok,87.0,Ok,768
325331.187000,111.0,Ok,88.0,Ok,769
325331.390000,100.0,Ok,88.0,Ok,770
325331.578000,95.0,Ok,87.0,Ok,771
325331.796000,84.0,Ok,89.0,Ok,772
325331.984000,106.0,Ok,85.0,Ok,773
325332.187000,108.0,Ok,86.0,Ok,774
325332.390000,105.0,Ok,84.0,Ok,775
325332.578000,109.0,Ok,84.0,Ok,776
325332.781000,106.0,Ok,82.0,Ok,777
325332.984000,106.0,Ok,82.0,Ok,778
325333.187000,103.0,Ok,84.0,Ok,779
325333.390000,103.0,Ok,82.0,Ok,780
325333.593000,105.0,Ok,84.0,Ok,781
325333.781000,104.0,Ok,81.0,Ok,782
325333.984000,110.0,Ok,78.0,Ok,783
325334.187000,110.0,Ok,81.0,Ok,784
325334.390000,115.0,Ok,84.0,Ok,785
325334.578000,125.0,Ok,84.0,Ok,786
325334.781000,122.0,Ok,85.0,Ok,787
325334.984000,127.0,Ok,86.0,Ok,788
325335.187000,122.0,Ok,89.0,Ok,789
325335.390000,121.0,Ok,92.0,Ok,790
325335.593000,116.0,Ok,87.0,Ok,791
325335.781000,119.0,Ok,83.0,Ok,792
325335.984000,98.0,Ok,84.0,Ok,793
325336.187000,114.0,Ok,86.0,Ok,794
325336.390000,106.0,Ok,88.0,Ok,795
325336.593000,105.0,Ok,92.0,Ok,796
325336.796000,108.0,Ok,83.0,Ok,797
325336.984000,103.0,Ok,92.0,Ok,798
325337.187000,114.0,Ok,86.0,Ok,799
325337.390000,124.0,Ok,81.0,Ok,800
325337.593000,101.0,Ok,93.0,Ok,801
325337.796000,79.0,Ok,92.0,Ok,802
325337.984000,81.0,Ok,95.0,Ok,803
325338.187000,90.0,Ok,87.0,Ok,804
325338.375000,107.0,Ok,84.0,Ok,805
325338.593000,109.0,Ok,89.0,Ok,806
325338.796000,99.0,Ok,87.0,Ok,807
325339.000000,77.0,Ok,93.0,Ok,808
325339.187000,149.0,Ok,99.0,Ok,809
325339.390000,117.0,Ok,98.0,Ok,810
325339.578000,109.0,Ok,99.0,Ok,811
325339.781000,83.0,Ok,83.0,Ok,812
325339.984000,109.0,Ok,84.0,Ok,813
325340.187000,79.0,Ok,88.0,Ok,814
325340.390000,81.0,Ok,89.0,Ok,815
325340.593000,88.0,Ok,77.0,Ok,816
325340.796000,79.0,Ok,68.0,Ok,817
325340.984000,99.0,Ok,92.0,Ok,818
325341.187000,101.0,Ok,87.0,Ok,819
325341.390000,92.0,Ok,90.0,Ok,820
325341.593000,100.0,Ok,90.0,Ok,821
325341.781000,100.0,Ok,86.0,Ok,822
325341.984000,98.0,Ok,85.0,Ok,823
325342.187000,101.0,Ok,82.0,Ok,824
325342.390000,106.0,Ok,92.0,Ok,825
325342.578000,106.0,Ok,90.0,Ok,826
325342.796000,103.0,Ok,83.0,Ok,827
325343.000000,111.0,Ok,75.0,Ok,828
325343.187000,108.0,Ok,80.0,Ok,829
325343.390000,105.0,Ok,76.0,Ok,830
325343.593000,102.0,Ok,76.0,Ok,831
325343.796000,100.0,Ok,76.0,Ok,832
325343.984000,103.0,Ok,81.0,Ok,833
325344.187000,106.0,Ok,91.0,Ok,834
325344.390000,91.0,Ok,92.0,Ok,835
325344.593000,82.0,Ok,89.0,Ok,836
325344.796000,91.0,Ok,93.0,Ok,837
325344.984000,96.0,Ok,91.0,Ok,838
325345.187000,86.0,Ok,90.0,Ok,839
325345.390000,82.0,Ok,89.0,Ok,840
325345.593000,92.0,Ok,83.0,Ok,841
325345.796000,86.0,Ok,85.0,Ok,842
325345.984000,88.0,Ok,84.0,Ok,843
325346.187000,92.0,Ok,83.0,Ok,844
325346.390000,94.0,Ok,80.0,Ok,845
325346.578000,94.0,Ok,91.0,Ok,846
325346.796000,87.0,Ok,80.0,Ok,847
325347.000000,131.0,Ok,84.0,Ok,848
325347.187000,121.0,Ok,69.0,Ok,849
325347.375000,96.0,Ok,63.0,Ok,850
325347.593000,140.0,Ok,64.0,Ok,851
325347.781000,131.0,Ok,63.0,Ok,852
325347.984000,117.0,Ok,67.0,Ok,853
325348.187000,127.0,Ok,70.0,Ok,854
325348.390000,136.0,Ok,87.0,Ok,855
325348.593000,133.0,Ok,124.0,Ok,856
325348.796000,120.0,Ok,98.0,Ok,857
325349.000000,109.0,Ok,99.0,Ok,858
325349.187000,110.0,Ok,101.0,Ok,859
325349.375000,92.0,Ok,134.0,Ok,860
325349.578000,93.0,Ok,109.0,Ok,861
325349.781000,100.0,Ok,111.0,Ok,862
325349.984000,106.0,Ok,103.0,Ok,863
325350.187000,106.0,Ok,106.0,Ok,864
325350.390000,104.0,Ok,108.0,Ok,865
325350.593000,104.0,Ok,103.0,Ok,866
325350.796000,107.0,Ok,104.0,Ok,867
325350.984000,108.0,Ok,107.0,Ok,868
325351.187000,105.0,Ok,104.0,Ok,869
325351.390000,107.0,Ok,105.0,Ok,870
325351.578000,109.0,Ok,106.0,Ok,871
325351.781000,109.0,Ok,130.0,Ok,872
325352.000000,108.0,Ok,61.0,Ok,873
325352.187000,97.0,Ok,56.0,Ok,874
325352.390000,124.0,Ok,47.0,Ok,875
325352.609000,117.0,Ok,46.0,Ok,876
325352.796000,118.0,Ok,52.0,Ok,877
325353.000000,114.0,Ok,47.0,Ok,878
325353.187000,116.0,Ok,54.0,Ok,879
325353.375000,127.0,Ok,54.0,Ok,880
325353.578000,125.0,Ok,54.0,Ok,881
325353.796000,172.0,Ok,62.0,Ok,882
325353.984000,125.0,Ok,84.0,Ok,883
325354.187000,106.0,Ok,110.0,Ok,884
325354.390000,92.0,Ok,107.0,Ok,885
325354.593000,92.0,Ok,109.0,Ok,886
325354.796000,100.0,Ok,108.0,Ok,887
325354.984000,107.0,Ok,118.0,Ok,888
325355.187000,109.0,Ok,116.0,Ok,889
325355.390000,109.0,Ok,105.0,Ok,890
325355.593000,105.0,Ok,119.0,Ok,891
325355.796000,108.0,Ok,87.0,Ok,892
325355.984000,113.0,Ok,97.0,Ok,893
325356.187000,123.0,Ok,100.0,Ok,894
325356.390000,115.0,Ok,104.0,Ok,895
325356.593000,99.0,Ok,105.0,Ok,896
325356.796000,87.0,Ok,107.0,Ok,897
325356.984000,107.0,Ok,105.0,Ok,898
325357.187000,135.0,Ok,103.0,Ok,899
325357.390000,92.0,Ok,102.0,Ok,900
325357.578000,93.0,Ok,103.0,Ok,901
325357.781000,117.0,Ok,79.0,Ok,902
325357.984000,114.0,Ok,78.0,Ok,903
325358.187000,126.0,Ok,73.0,Ok,904
325358.375000,116.0,Ok,67.0,Ok,905
325358.593000,122.0,Ok,63.0,Ok,906
325358.796000,122.0,Ok,62.0,Ok,907
325358.984000,119.0,Ok,123.0,Ok,908
325359.187000,121.0,Ok,74.0,Ok,909
325359.390000,127.0,Ok,80.0,Ok,910
325359.578000,116.0,Ok,74.0,Ok,911
325359.796000,117.0,Ok,67.0,Ok,912
325359.984000,116.0,Ok,61.0,Ok,913
325360.187000,124.0,Ok,62.0,Ok,914
325360.390000,111.0,Ok,71.0,Ok,915
325360.578000,105.0,Ok,99.0,Ok,916
325360.796000,192.0,Ok,136.0,Ok,917
325360.984000,116.0,Ok,112.0,Ok,918
325361.187000,105.0,Ok,92.0,Ok,919
325361.390000,92.0,Ok,101.0,Ok,920
325361.593000,96.0,Ok,87.0,Ok,921
325361.796000,92.0,Ok,99.0,Ok,922
325362.000000,93.0,Ok,106.0,Ok,923
325362.187000,97.0,Ok,115.0,Ok,924
325362.390000,91.0,Ok,115.0,Ok,925
325362.593000,96.0,Ok,117.0,Ok,926
325362.796000,84.0,Ok,111.0,Ok,927
325362.984000,89.0,Ok,112.0,Ok,928
325363.187000,107.0,Ok,110.0,Ok,929
325363.390000,101.0,Ok,109.0,Ok,930
325363.593000,93.0,Ok,104.0,Ok,931
325363.796000,106.0,Ok,107.0,Ok,932
325363.984000,110.0,Ok,108.0,Ok,933
325364.187000,103.0,Ok,109.0,Ok,934
325364.390000,107.0,Ok,113.0,Ok,935
325364.593000,101.0,Ok,106.0,Ok,936
325364.796000,106.0,Ok,113.0,Ok,937
325365.000000,98.0,Ok,118.0,Ok,938
325365.187000,97.0,Ok,109.0,Ok,939
325365.390000,99.0,Ok,114.0,Ok,940
325365.593000,92.0,Ok,117.0,Ok,941
325365.796000,96.0,Ok,106.0,Ok,942
325366.000000,98.0,Ok,108.0,Ok,943
325366.187000,93.0,Ok,104.0,Ok,944
325366.390000,104.0,Ok,105.0,Ok,945
325366.593000,107.0,Ok,109.0,Ok,946
325366.781000,105.0,Ok,118.0,Ok,947
325366.984000,109.0,Ok,64.0,Ok,948
325367.187000,102.0,Ok,127.0,Ok,949
325367.390000,112.0,Ok,54.0,Ok,950
325367.609000,161.0,Ok,50.0,Ok,951
325367.781000,114.0,Ok,41.0,Ok,952
325368.000000,158.0,Ok,43.0,Ok,953
325368.187000,157.0,Ok,49.0,Ok,954
325368.390000,135.0,Ok,50.0,Ok,955
325368.593000,130.0,Ok,54.0,Ok,956
325368.796000,130.0,Ok,49.0,Ok,957
325368.984000,119.0,Ok,51.0,Ok,958
325369.187000,115.0,Ok,54.0,Ok,959
325369.390000,130.0,Ok,76.0,Ok,960
325369.593000,122.0,Ok,89.0,Ok,961
325369.796000,111.0,Ok,107.0,Ok,962
325369.984000,95.0,Ok,102.0,Ok,963
325370.187000,90.0,Ok,111.0,Ok,964
325370.390000,94.0,Ok,119.0,Ok,965
325370.593000,97.0,Ok,113.0,Ok,966
325370.796000,110.0,Ok,106.0,Ok,967
325371.000000,114.0,Ok,99.0,Ok,968
325371.187000,118.0,Ok,109.0,Ok,969
325371.375000,120.0,Ok,116.0,Ok,970
325371.593000,110.0,Ok,126.0,Ok,971
325371.781000,127.0,Ok,107.0,Ok,972
325371.984000,108.0,Ok,114.0,Ok,973
325372.187000,107.0,Ok,112.0,Ok,974
325372.375000,95.0,Ok,114.0,Ok,975
325372.593000,92.0,Ok,122.0,Ok,976
325372.781000,105.0,Ok,116.0,Ok,977
325373.000000,98.0,Ok,114.0,Ok,978
325373.187000,110.0,Ok,112.0,Ok,979
325373.375000,106.0,Ok,113.0,Ok,980
325373.593000,99.0,Ok,114.0,Ok,981
325373.796000,98.0,Ok,117.0,Ok,982
325374.000000,102.0,Ok,120.0,Ok,983
325374.187000,95.0,Ok,156.0,Ok,984
325374.390000,101.0,Ok,113.0,Ok,985
325374.593000,99.0,Ok,62.0,Ok,986
325374.796000,107.0,Ok,76.0,Ok,987
325374.984000,100.0,Ok,63.0,Ok,988
325375.187000,103.0,Ok,60.0,Ok,989
325375.390000,107.0,Ok,65.0,Ok,990
325375.593000,109.0,Ok,74.0,Ok,991
325375.796000,105.0,Ok,73.0,Ok,992
325376.000000,99.0,Ok,67.0,Ok,993
325376.187000,109.0,Ok,71.0,Ok,994
325376.375000,110.0,Ok,78.0,Ok,995
325376.593000,104.0,Ok,74.0,Ok,996
325376.781000,104.0,Ok,73.0,Ok,997
325376.984000,111.0,Ok,67.0,Ok,998
325377.187000,106.0,Ok,77.0,Ok,999
325377.390000,101.0,Ok,74.0,Ok,1000
325377.578000,104.0,Ok,77.0,Ok,1001
325377.796000,103.0,Ok,91.0,Ok,1002
325378.000000,116.0,Ok,94.0,Ok,1003
325378.187000,111.0,Ok,83.0,Ok,1004
325378.390000,106.0,Ok,112.0,Ok,1005
325378.593000,96.0,Ok,109.0,Ok,1006
325378.796000,83.0,Ok,108.0,Ok,1007
325379.000000,92.0,Ok,114.0,Ok,1008
325379.187000,91.0,Ok,118.0,Ok,1009
325379.390000,88.0,Ok,120.0,Ok,1010
325379.593000,83.0,Ok,109.0,Ok,1011
325379.781000,85.0,Ok,106.0,Ok,1012
325379.984000,91.0,Ok,107.0,Ok,1013
325380.187000,99.0,Ok,107.0,Ok,1014
325380.390000,95.0,Ok,103.0,Ok,1015
325380.593000,94.0,Ok,108.0,Ok,1016
325380.796000,91.0,Ok,106.0,Ok,1017
325380.984000,96.0,Ok,102.0,Ok,1018
325381.187000,96.0,Ok,102.0,Ok,1019
325381.375000,90.0,Ok,99.0,Ok,1020
325381.593000,95.0,Ok,103.0,Ok,1021
325381.781000,96.0,Ok,105.0,Ok,1022
325382.000000,92.0,Ok,105.0,Ok,1023
325382.187000,94.0,Ok,105.0,Ok,1024
325382.390000,88.0,Ok,104.0,Ok,1025
325382.593000,93.0,Ok,102.0,Ok,1026
325382.796000,90.0,Ok,103.0,Ok,1027
325382.984000,94.0,Ok,106.0,Ok,1028
325383.187000,94.0,Ok,112.0,Ok,1029
325383.390000,99.0,Ok,119.0,Ok,1030
325383.593000,96.0,Ok,122.0,Ok,1031
325383.781000,101.0,Ok,123.0,Ok,1032
325384.000000,100.0,Ok,123.0,Ok,1033
325384.187000,93.0,Ok,122.0,Ok,1034
325384.390000,95.0,Ok,123.0,Ok,1035
325384.593000,99.0,Ok,128.0,Ok,1036
325384.796000,102.0,Ok,128.0,Ok,1037
325385.000000,98.0,Ok,126.0,Ok,1038
325385.187000,100.0,Ok,133.0,Ok,1039
325385.390000,97.0,Ok,143.0,Ok,1040
325385.593000,101.0,Ok,140.0,Ok,1041
325385.781000,97.0,Ok,130.0,Ok,1042
325385.984000,100.0,Ok,125.0,Ok,1043
325386.187000,94.0,Ok,128.0,Ok,1044
325386.390000,89.0,Ok,145.0,Ok,1045
325386.593000,93.0,Ok,122.0,Ok,1046
325386.796000,91.0,Ok,123.0,Ok,1047
325387.000000,92.0,Ok,137.0,Ok,1048
325387.187000,99.0,Ok,133.0,Ok,1049
325387.375000,88.0,Ok,138.0,Ok,1050
325387.593000,92.0,Ok,107.0,Ok,1051
325387.781000,100.0,Ok,108.0,Ok,1052
325387.984000,95.0,Ok,114.0,Ok,1053
325388.187000,95.0,Ok,126.0,Ok,1054
325388.375000,95.0,Ok,119.0,Ok,1055
325388.593000,109.0,Ok,74.0,Ok,1056
325388.796000,106.0,Ok,68.0,Ok,1057
325388.984000,99.0,Ok,64.0,Ok,1058
325389.187000,91.0,Ok,69.0,Ok,1059
325389.390000,92.0,Ok,69.0,Ok,1060
325389.578000,93.0,Ok,68.0,Ok,1061
325389.796000,97.0,Ok,65.0,Ok,1062
325389.984000,94.0,Ok,66.0,Ok,1063
325390.187000,91.0,Ok,68.0,Ok,1064
325390.390000,87.0,Ok,67.0,Ok,1065
325390.578000,90.0,Ok,61.0,Ok,1066
325390.796000,90.0,Ok,63.0,Ok,1067
325390.984000,97.0,Ok,96.0,Ok,1068
325391.187000,88.0,Ok,102.0,Ok,1069
325391.390000,82.0,Ok,125.0,Ok,1070
325391.593000,88.0,Ok,128.0,Ok,1071
325391.796000,80.0,Ok,103.0,Ok,1072
325391.984000,93.0,Ok,101.0,Ok,1073
325392.187000,93.0,Ok,109.0,Ok,1074
325392.390000,92.0,Ok,110.0,Ok,1075
325392.578000,95.0,Ok,91.0,Ok,1076
325392.781000,83.0,Ok,84.0,Ok,1077
325393.000000,101.0,Ok,62.0,Ok,1078
325393.187000,99.0,Ok,66.0,Ok,1079
325393.390000,90.0,Ok,106.0,Ok,1080
325393.593000,92.0,Ok,122.0,Ok,1081
325393.796000,89.0,Ok,105.0,Ok,1082
325394.000000,87.0,Ok,75.0,Ok,1083
325394.187000,87.0,Ok,94.0,Ok,1084
325394.390000,83.0,Ok,105.0,Ok,1085
325394.593000,104.0,Ok,124.0,Ok,1086
325394.796000,103.0,Ok,107.0,Ok,1087
325395.000000,106.0,Ok,92.0,Ok,1088
325395.187000,90.0,Ok,107.0,Ok,1089
325395.390000,84.0,Ok,92.0,Ok,1090
325395.593000,87.0,Ok,108.0,Ok,1091
325395.796000,91.0,Ok,107.0,Ok,1092
325395.984000,85.0,Ok,109.0,Ok,1093
325396.187000,96.0,Ok,107.0,Ok,1094
325396.390000,103.0,Ok,95.0,Ok,1095
325396.593000,91.0,Ok,109.0,Ok,1096
325396.796000,84.0,Ok,95.0,Ok,1097
325397.000000,94.0,Ok,79.0,Ok,1098
325397.187000,96.0,Ok,108.0,Ok,1099
325397.390000,88.0,Ok,93.0,Ok,1100
325397.593000,85.0,Ok,79.0,Ok,1101
325397.796000,103.0,Ok,86.0,Ok,1102
325397.984000,98.0,Ok,40.0,Ok,1103
325398.187000,102.0,Ok,45.0,Ok,1104
325398.390000,100.0,Ok,45.0,Ok,1105
325398.578000,89.0,Ok,46.0,Ok,1106
325398.796000,87.0,Ok,46.0,Ok,1107
325398.984000,90.0,Ok,44.0,Ok,1108
325399.187000,80.0,Ok,47.0,Ok,1109
325399.390000,66.0,Ok,47.0,Ok,1110
325399.593000,103.0,Ok,85.0,Ok,1111
325399.796000,118.0,Ok,94.0,Ok,1112
325399.984000,103.0,Ok,96.0,Ok,1113
325400.187000,97.0,Ok,105.0,Ok,1114
325400.375000,92.0,Ok,111.0,Ok,1115
325400.593000,79.0,Ok,100.0,Ok,1116
325400.796000,94.0,Ok,100.0,Ok,1117
325400.984000,97.0,Ok,131.0,Ok,1118
325401.187000,92.0,Ok,89.0,Ok,1119
325401.375000,88.0,Ok,103.0,Ok,1120
325401.593000,89.0,Ok,101.0,Ok,1121
325401.781000,97.0,Ok,105.0,Ok,1122
325402.000000,98.0,Ok,107.0,Ok,1123
325402.187000,98.0,Ok,108.0,Ok,1124
325402.390000,99.0,Ok,100.0,Ok,1125
325402.593000,91.0,Ok,99.0,Ok,1126
325402.781000,91.0,Ok,99.0,Ok,1127
325402.984000,91.0,Ok,99.0,Ok,1128
325403.187000,86.0,Ok,98.0,Ok,1129
325403.390000,90.0,Ok,96.0,Ok,1130
325403.593000,87.0,Ok,94.0,Ok,1131
325403.796000,87.0,Ok,122.0,Ok,1132
325404.000000,100.0,Ok,82.0,Ok,1133
325404.187000,98.0,Ok,57.0,Ok,1134
325404.406000,113.0,Ok,55.0,Ok,1135
325404.593000,94.0,Ok,51.0,Ok,1136
325404.796000,78.0,Ok,46.0,Ok,1137
325404.984000,70.0,Ok,49.0,Ok,1138
325405.171000,85.0,Ok,52.0,Ok,1139
325405.390000,111.0,Ok,47.0,Ok,1140
325405.578000,111.0,Ok,53.0,Ok,1141
325405.796000,95.0,Ok,54.0,Ok,1142
325406.000000,97.0,Ok,47.0,Ok,1143
325406.187000,108.0,Ok,56.0,Ok,1144
325406.390000,104.0,Ok,74.0,Ok,1145
325406.593000,88.0,Ok,80.0,Ok,1146
325406.796000,72.0,Ok,63.0,Ok,1147
325407.000000,91.0,Ok,102.0,Ok,1148
325407.187000,86.0,Ok,116.0,Ok,1149
325407.390000,91.0,Ok,103.0,Ok,1150
325407.593000,89.0,Ok,108.0,Ok,1151
325407.796000,88.0,Ok,112.0,Ok,1152
325408.000000,87.0,Ok,101.0,Ok,1153
325408.187000,86.0,Ok,103.0,Ok,1154
325408.390000,92.0,Ok,106.0,Ok,1155
325408.593000,89.0,Ok,105.0,Ok,1156
325408.781000,88.0,Ok,105.0,Ok,1157
325409.000000,89.0,Ok,115.0,Ok,1158
325409.187000,91.0,Ok,137.0,Ok,1159
325409.390000,90.0,Ok,124.0,Ok,1160
325409.578000,89.0,Ok,105.0,Ok,1161
325409.796000,88.0,Ok,104.0,Ok,1162
325409.984000,93.0,Ok,105.0,Ok,1163
325410.187000,99.0,Ok,63.0,Ok,1164
325410.390000,95.0,Ok,61.0,Ok,1165
325410.593000,93.0,Ok,66.0,Ok,1166
325410.781000,94.0,Ok,82.0,Ok,1167
325410.984000,99.0,Ok,87.0,Ok,1168
325411.218000,91.0,Ok,119.0,Ok,1169
325411.390000,105.0,Ok,90.0,Ok,1170
325411.578000,98.0,Ok,102.0,Ok,1171
325411.796000,106.0,Ok,116.0,Ok,1172
325412.000000,74.0,Ok,100.0,Ok,1173
325412.187000,84.0,Ok,135.0,Ok,1174
325412.390000,95.0,Ok,99.0,Ok,1175
325412.578000,94.0,Ok,99.0,Ok,1176
325412.796000,101.0,Ok,98.0,Ok,1177
325413.000000,92.0,Ok,96.0,Ok,1178
325413.187000,101.0,Ok,104.0,Ok,1179
325413.390000,102.0,Ok,114.0,Ok,1180
325413.593000,100.0,Ok,117.0,Ok,1181
325413.796000,102.0,Ok,121.0,Ok,1182
325414.000000,105.0,Ok,121.0,Ok,1183
325414.187000,105.0,Ok,126.0,Ok,1184
325414.390000,100.0,Ok,128.0,Ok,1185
325414.578000,101.0,Ok,122.0,Ok,1186
325414.796000,98.0,Ok,119.0,Ok,1187
325414.984000,97.0,Ok,120.0,Ok,1188
325415.187000,96.0,Ok,118.0,Ok,1189
325415.390000,99.0,Ok,110.0,Ok,1190
325415.593000,97.0,Ok,114.0,Ok,1191
325415.796000,100.0,Ok,113.0,Ok,1192
325415.984000,100.0,Ok,107.0,Ok,1193
325416.187000,99.0,Ok,106.0,Ok,1194
325416.390000,92.0,Ok,122.0,Ok,1195
325416.578000,95.0,Ok,116.0,Ok,1196
325416.781000,92.0,Ok,110.0,Ok,1197
325416.984000,96.0,Ok,96.0,Ok,1198
325417.187000,96.0,Ok,109.0,Ok,1199
325417.390000,99.0,Ok,116.0,Ok,1200
325417.593000,108.0,Ok,80.0,Ok,1201
325417.796000,108.0,Ok,69.0,Ok,1202
325417.984000,113.0,Ok,81.0,Ok,1203
325418.187000,114.0,Ok,84.0,Ok,1204
325418.390000,116.0,Ok,73.0,Ok,1205
325418.593000,112.0,Ok,91.0,Ok,1206
325418.781000,110.0,Ok,90.0,Ok,1207
325418.984000,111.0,Ok,87.0,Ok,1208
325419.187000,116.0,Ok,83.0,Ok,1209
325419.406000,112.0,Ok,88.0,Ok,1210
325419.593000,116.0,Ok,93.0,Ok,1211
325419.781000,108.0,Ok,79.0,Ok,1212
325420.000000,100.0,Ok,79.0,Ok,1213
325420.187000,100.0,Ok,84.0,Ok,1214
325420.390000,108.0,Ok,93.0,Ok,1215
325420.593000,115.0,Ok,92.0,Ok,1216
325420.781000,108.0,Ok,75.0,Ok,1217
325420.984000,105.0,Ok,57.0,Ok,1218
325421.187000,103.0,Ok,52.0,Ok,1219
325421.390000,99.0,Ok,67.0,Ok,1220
325421.593000,73.0,Ok,40.0,Ok,1221
325421.781000,109.0,Ok,94.0,Ok,1222
325421.984000,110.0,Ok,101.0,Ok,1223
325422.187000,95.0,Ok,101.0,Ok,1224
325422.390000,101.0,Ok,105.0,Ok,1225
325422.593000,107.0,Ok,100.0,Ok,1226
325422.781000,98.0,Ok,104.0,Ok,1227
325422.984000,98.0,Ok,103.0,Ok,1228
325423.187000,99.0,Ok,104.0,Ok,1229
325423.375000,102.0,Ok,105.0,Ok,1230
325423.593000,106.0,Ok,104.0,Ok,1231
325423.796000,106.0,Ok,105.0,Ok,1232
325423.984000,105.0,Ok,97.0,Ok,1233
325424.187000,90.0,Ok,91.0,Ok,1234
325424.390000,77.0,Ok,81.0,Ok,1235
325424.578000,111.0,Ok,79.0,Ok,1236
325424.796000,97.0,Ok,76.0,Ok,1237
325425.000000,95.0,Ok,78.0,Ok,1238
325425.187000,99.0,Ok,81.0,Ok,1239
325425.390000,96.0,Ok,84.0,Ok,1240
325425.593000,107.0,Ok,71.0,Ok,1241
325425.796000,102.0,Ok,72.0,Ok,1242
325425.984000,104.0,Ok,78.0,Ok,1243
325426.187000,106.0,Ok,77.0,Ok,1244
325426.375000,100.0,Ok,83.0,Ok,1245
325426.593000,102.0,Ok,81.0,Ok,1246
325426.796000,100.0,Ok,73.0,Ok,1247
325426.984000,101.0,Ok,77.0,Ok,1248
325427.187000,103.0,Ok,81.0,Ok,1249
325427.390000,102.0,Ok,78.0,Ok,1250
325427.593000,103.0,Ok,78.0,Ok,1251
325427.796000,107.0,Ok,79.0,Ok,1252
325427.984000,94.0,Ok,76.0,Ok,1253
325428.187000,103.0,Ok,79.0,Ok,1254
325428.390000,100.0,Ok,66.0,Ok,1255
325428.578000,101.0,Ok,59.0,Ok,1256
325428.796000,101.0,Ok,80.0,Ok,1257
325428.984000,106.0,Ok,100.0,Ok,1258
325429.171000,92.0,Ok,109.0,Ok,1259
325429.390000,99.0,Ok,107.0,Ok,1260
325429.593000,98.0,Ok,103.0,Ok,1261
325429.781000,113.0,Ok,109.0,Ok,1262
325429.984000,99.0,Ok,107.0,Ok,1263
325430.187000,99.0,Ok,109.0,Ok,1264
325430.390000,105.0,Ok,107.0,Ok,1265
325430.593000,99.0,Ok,103.0,Ok,1266
325430.796000,108.0,Ok,96.0,Ok,1267
325430.984000,77.0,Ok,84.0,Ok,1268
325431.187000,99.0,Ok,55.0,Ok,1269
325431.375000,99.0,Ok,67.0,Ok,1270
325431.593000,102.0,Ok,44.0,Ok,1271
325431.781000,96.0,Ok,60.0,Ok,1272
325431.984000,98.0,Ok,44.0,Ok,1273
325432.171000,96.0,Ok,74.0,Ok,1274
325432.390000,108.0,Ok,84.0,Ok,1275
325432.593000,103.0,Ok,82.0,Ok,1276
325432.796000,102.0,Ok,83.0,Ok,1277
325433.000000,96.0,Ok,77.0,Ok,1278
325433.187000,99.0,Ok,80.0,Ok,1279
325433.390000,91.0,Ok,75.0,Ok,1280
325433.593000,92.0,Ok,63.0,Ok,1281
325433.796000,103.0,Ok,70.0,Ok,1282
325433.984000,102.0,Ok,132.0,Ok,1283
325434.187000,77.0,Ok,106.0,Ok,1284
325434.406000,94.0,Ok,116.0,Ok,1285
325434.593000,98.0,Ok,106.0,Ok,1286
325434.796000,93.0,Ok,113.0,Ok,1287
325435.000000,96.0,Ok,112.0,Ok,1288
325435.203000,92.0,Ok,116.0,Ok,1289
325435.390000,87.0,Ok,120.0,Ok,1290
325435.593000,90.0,Ok,113.0,Ok,1291
325435.796000,89.0,Ok,117.0,Ok,1292
325435.984000,99.0,Ok,118.0,Ok,1293
325436.187000,95.0,Ok,121.0,Ok,1294
325436.390000,95.0,Ok,115.0,Ok,1295
325436.578000,94.0,Ok,84.0,Ok,1296
325436.796000,111.0,Ok,63.0,Ok,1297
325436.984000,103.0,Ok,69.0,Ok,1298
325437.203000,107.0,Ok,91.0,Ok,1299
325437.390000,109.0,Ok,117.0,Ok,1300
325437.578000,102.0,Ok,78.0,Ok,1301
325437.796000,101.0,Ok,75.0,Ok,1302
325437.984000,99.0,Ok,101.0,Ok,1303
325438.187000,102.0,Ok,99.0,Ok,1304
325438.390000,99.0,Ok,72.0,Ok,1305
325438.578000,96.0,Ok,62.0,Ok,1306
325438.781000,95.0,Ok,61.0,Ok,1307
325438.984000,99.0,Ok,91.0,Ok,1308
325439.187000,101.0,Ok,94.0,Ok,1309
325439.390000,91.0,Ok,101.0,Ok,1310
325439.578000,76.0,Ok,114.0,Ok,1311
325439.796000,77.0,Ok,119.0,Ok,1312
325439.984000,84.0,Ok,122.0,Ok,1313
325440.187000,89.0,Ok,115.0,Ok,1314
325440.390000,85.0,Ok,121.0,Ok,1315
325440.593000,93.0,Ok,115.0,Ok,1316
325440.781000,81.0,Ok,117.0,Ok,1317
325441.000000,81.0,Ok,122.0,Ok,1318
325441.187000,84.0,Ok,122.0,Ok,1319
325441.390000,109.0,Ok,114.0,Ok,1320
325441.593000,97.0,Ok,113.0,Ok,1321
325441.796000,94.0,Ok,105.0,Ok,1322
325442.000000,94.0,Ok,113.0,Ok,1323
325442.187000,101.0,Ok,107.0,Ok,1324
325442.390000,102.0,Ok,100.0,Ok,1325
325442.593000,101.0,Ok,102.0,Ok,1326
325442.796000,97.0,Ok,102.0,Ok,1327
325443.000000,100.0,Ok,102.0,Ok,1328
325443.187000,97.0,Ok,100.0,Ok,1329
325443.390000,106.0,Ok,84.0,Ok,1330
325443.593000,89.0,Ok,65.0,Ok,1331
325443.781000,67.0,Ok,73.0,Ok,1332
325443.984000,117.0,Ok,73.0,Ok,1333
325444.187000,110.0,Ok,83.0,Ok,1334
325444.375000,104.0,Ok,73.0,Ok,1335
325444.593000,117.0,Ok,60.0,Ok,1336
325444.796000,113.0,Ok,79.0,Ok,1337
325444.984000,103.0,Ok,65535.0,RangingRxTimeout,1338
325445.187000,110.0,Ok,57.0,Ok,1339
325445.390000,118.0,Ok,91.0,Ok,1340
325445.578000,109.0,Ok,74.0,Ok,1341
325445.781000,101.0,Ok,78.0,Ok,1342
325445.984000,104.0,Ok,103.0,Ok,1343
325446.187000,85.0,Ok,78.0,Ok,1344
325446.390000,77.0,Ok,78.0,Ok,1345
325446.593000,92.0,Ok,54.0,Ok,1346
325446.781000,107.0,Ok,69.0,Ok,1347
325446.984000,93.0,Ok,76.0,Ok,1348
325447.187000,72.0,Ok,94.0,Ok,1349
325447.390000,76.0,Ok,97.0,Ok,1350
325447.593000,99.0,Ok,106.0,Ok,1351
325447.796000,93.0,Ok,109.0,Ok,1352
325447.984000,89.0,Ok,109.0,Ok,1353
325448.187000,94.0,Ok,108.0,Ok,1354
325448.390000,96.0,Ok,107.0,Ok,1355
325448.593000,97.0,Ok,106.0,Ok,1356
325448.781000,90.0,Ok,106.0,Ok,1357
325449.000000,93.0,Ok,108.0,Ok,1358
325449.187000,92.0,Ok,108.0,Ok,1359
325449.375000,92.0,Ok,113.0,Ok,1360
325449.593000,91.0,Ok,105.0,Ok,1361
325449.796000,93.0,Ok,108.0,Ok,1362
325449.984000,94.0,Ok,107.0,Ok,1363
325450.187000,93.0,Ok,107.0,Ok,1364
325450.390000,96.0,Ok,105.0,Ok,1365
325450.593000,91.0,Ok,105.0,Ok,1366
325450.796000,95.0,Ok,106.0,Ok,1367
325450.984000,90.0,Ok,108.0,Ok,1368
325451.187000,92.0,Ok,105.0,Ok,1369
325451.390000,88.0,Ok,106.0,Ok,1370
325451.593000,91.0,Ok,115.0,Ok,1371
325451.781000,88.0,Ok,106.0,Ok,1372
325451.984000,97.0,Ok,75.0,Ok,1373
325452.187000,110.0,Ok,73.0,Ok,1374
325452.390000,114.0,Ok,106.0,Ok,1375
325452.593000,100.0,Ok,67.0,Ok,1376
325452.781000,97.0,Ok,87.0,Ok,1377
325453.000000,102.0,Ok,59.0,Ok,1378
325453.187000,99.0,Ok,72.0,Ok,1379
325453.390000,88.0,Ok,80.0,Ok,1380
325453.593000,107.0,Ok,64.0,Ok,1381
325453.796000,114.0,Ok,89.0,Ok,1382
325453.984000,107.0,Ok,140.0,Ok,1383
325454.187000,94.0,Ok,76.0,Ok,1384
325454.390000,97.0,Ok,71.0,Ok,1385
325454.593000,101.0,Ok,105.0,Ok,1386
325454.781000,88.0,Ok,107.0,Ok,1387
325454.984000,92.0,Ok,105.0,Ok,1388
325455.187000,89.0,Ok,102.0,Ok,1389
325455.390000,98.0,Ok,107.0,Ok,1390
325455.578000,91.0,Ok,106.0,Ok,1391
325455.781000,94.0,Ok,107.0,Ok,1392
325455.984000,97.0,Ok,107.0,Ok,1393
325456.203000,101.0,Ok,107.0,Ok,1394
325456.390000,105.0,Ok,107.0,Ok,1395
325456.593000,108.0,Ok,105.0,Ok,1396
325456.796000,108.0,Ok,103.0,Ok,1397
325456.984000,110.0,Ok,103.0,Ok,1398
325457.187000,105.0,Ok,104.0,Ok,1399
325457.390000,107.0,Ok,105.0,Ok,1400
325457.593000,112.0,Ok,104.0,Ok,1401
325457.781000,108.0,Ok,109.0,Ok,1402
325458.000000,111.0,Ok,107.0,Ok,1403
325458.187000,107.0,Ok,112.0,Ok,1404
325458.390000,103.0,Ok,103.0,Ok,1405
325458.593000,97.0,Ok,96.0,Ok,1406
325458.796000,103.0,Ok,76.0,Ok,1407
325459.000000,106.0,Ok,79.0,Ok,1408
325459.187000,85.0,Ok,84.0,Ok,1409
325459.390000,92.0,Ok,90.0,Ok,1410
325459.593000,99.0,Ok,58.0,Ok,1411
325459.796000,93.0,Ok,63.0,Ok,1412
325459.984000,92.0,Ok,63.0,Ok,1413
325460.187000,101.0,Ok,60.0,Ok,1414
325460.390000,102.0,Ok,65.0,Ok,1415
325460.593000,106.0,Ok,67.0,Ok,1416
325460.781000,112.0,Ok,63.0,Ok,1417
325460.984000,102.0,Ok,61.0,Ok,1418
325461.187000,109.0,Ok,85.0,Ok,1419
325461.390000,84.0,Ok,88.0,Ok,1420
325461.593000,109.0,Ok,112.0,Ok,1421
325461.781000,96.0,Ok,119.0,Ok,1422
325461.984000,82.0,Ok,122.0,Ok,1423
325462.187000,82.0,Ok,121.0,Ok,1424
325462.390000,89.0,Ok,117.0,Ok,1425
325462.578000,90.0,Ok,117.0,Ok,1426
325462.796000,91.0,Ok,119.0,Ok,1427
325462.984000,92.0,Ok,116.0,Ok,1428
325463.187000,86.0,Ok,118.0,Ok,1429
325463.390000,86.0,Ok,108.0,Ok,1430
325463.593000,90.0,Ok,112.0,Ok,1431
325463.781000,97.0,Ok,99.0,Ok,1432
325464.000000,94.0,Ok,85.0,Ok,1433
325464.187000,101.0,Ok,68.0,Ok,1434
325464.390000,104.0,Ok,75.0,Ok,1435
325464.593000,108.0,Ok,77.0,Ok,1436
325464.796000,100.0,Ok,118.0,Ok,1437
325464.984000,94.0,Ok,77.0,Ok,1438
325465.187000,110.0,Ok,77.0,Ok,1439
325465.390000,104.0,Ok,88.0,Ok,1440
325465.593000,102.0,Ok,83.0,Ok,1441
325465.796000,102.0,Ok,97.0,Ok,1442
325465.984000,98.0,Ok,66.0,Ok,1443
325466.187000,97.0,Ok,61.0,Ok,1444
325466.390000,90.0,Ok,64.0,Ok,1445
325466.593000,88.0,Ok,89.0,Ok,1446
325466.796000,109.0,Ok,99.0,Ok,1447
325466.984000,106.0,Ok,114.0,Ok,1448
325467.187000,98.0,Ok,114.0,Ok,1449
325467.390000,101.0,Ok,114.0,Ok,1450
325467.593000,106.0,Ok,113.0,Ok,1451
325467.796000,101.0,Ok,114.0,Ok,1452
325467.984000,103.0,Ok,113.0,Ok,1453
325468.187000,107.0,Ok,114.0,Ok,1454
325468.390000,103.0,Ok,110.0,Ok,1455
325468.593000,103.0,Ok,112.0,Ok,1456
325468.796000,106.0,Ok,94.0,Ok,1457
325468.984000,111.0,Ok,85.0,Ok,1458
325469.187000,92.0,Ok,59.0,Ok,1459
325469.390000,103.0,Ok,71.0,Ok,1460
325469.593000,105.0,Ok,67.0,Ok,1461
325469.796000,108.0,Ok,92.0,Ok,1462
325469.984000,106.0,Ok,82.0,Ok,1463
325470.187000,98.0,Ok,67.0,Ok,1464
325470.390000,103.0,Ok,83.0,Ok,1465
325470.593000,102.0,Ok,88.0,Ok,1466
325470.796000,103.0,Ok,83.0,Ok,1467
325470.984000,105.0,Ok,80.0,Ok,1468
325471.203000,108.0,Ok,89.0,Ok,1469
325471.390000,101.0,Ok,107.0,Ok,1470
325471.593000,101.0,Ok,114.0,Ok,1471
325471.781000,99.0,Ok,116.0,Ok,1472
325471.984000,97.0,Ok,109.0,Ok,1473
325472.187000,102.0,Ok,118.0,Ok,1474
325472.390000,83.0,Ok,117.0,Ok,1475
325472.593000,110.0,Ok,115.0,Ok,1476
325472.796000,102.0,Ok,110.0,Ok,1477
325472.984000,99.0,Ok,106.0,Ok,1478
325473.187000,93.0,Ok,105.0,Ok,1479
325473.390000,95.0,Ok,105.0,Ok,1480
325473.593000,90.0,Ok,109.0,Ok,1481
325473.781000,95.0,Ok,114.0,Ok,1482
325473.984000,98.0,Ok,111.0,Ok,1483
325474.187000,107.0,Ok,108.0,Ok,1484
325474.390000,106.0,Ok,107.0,Ok,1485
325474.578000,119.0,Ok,108.0,Ok,1486
325474.796000,107.0,Ok,108.0,Ok,1487
325474.984000,105.0,Ok,107.0,Ok,1488
325475.187000,100.0,Ok,105.0,Ok,1489
325475.390000,109.0,Ok,108.0,Ok,1490
325475.593000,119.0,Ok,111.0,Ok,1491
325475.796000,114.0,Ok,112.0,Ok,1492
325475.984000,102.0,Ok,107.0,Ok,1493
325476.187000,106.0,Ok,113.0,Ok,1494
325476.375000,106.0,Ok,116.0,Ok,1495
325476.593000,112.0,Ok,111.0,Ok,1496
325476.796000,118.0,Ok,104.0,Ok,1497
325476.984000,124.0,Ok,87.0,Ok,1498
325477.187000,105.0,Ok,62.0,Ok,1499
325477.390000,111.0,Ok,49.0,Ok,1500
325477.593000,107.0,Ok,69.0,Ok,1501
325477.781000,103.0,Ok,56.0,Ok,1502
325477.984000,107.0,Ok,74.0,Ok,1503
325478.187000,91.0,Ok,76.0,Ok,1504
325478.390000,114.0,Ok,53.0,Ok,1505
325478.578000,56.0,Ok,108.0,Ok,1506
325478.796000,43.0,Ok,127.0,Ok,1507
325479.000000,101.0,Ok,146.0,Ok,1508
325479.187000,93.0,Ok,126.0,Ok,1509
325479.375000,99.0,Ok,100.0,Ok,1510
325479.593000,100.0,Ok,137.0,Ok,1511
325479.796000,96.0,Ok,63.0,Ok,1512
325479.984000,95.0,Ok,74.0,Ok,1513
325480.187000,95.0,Ok,77.0,Ok,1514
325480.390000,92.0,Ok,84.0,Ok,1515
325480.593000,93.0,Ok,83.0,Ok,1516
325480.796000,96.0,Ok,102.0,Ok,1517
325480.984000,102.0,Ok,73.0,Ok,1518
325481.187000,114.0,Ok,71.0,Ok,1519
325481.390000,99.0,Ok,128.0,Ok,1520
325481.593000,90.0,Ok,103.0,Ok,1521
325481.796000,84.0,Ok,106.0,Ok,1522
325482.000000,86.0,Ok,114.0,Ok,1523
325482.187000,86.0,Ok,105.0,Ok,1524
325482.390000,84.0,Ok,106.0,Ok,1525
325482.593000,84.0,Ok,104.0,Ok,1526
325482.796000,85.0,Ok,108.0,Ok,1527
325483.000000,88.0,Ok,107.0,Ok,1528
325483.187000,91.0,Ok,106.0,Ok,1529
325483.390000,92.0,Ok,100.0,Ok,1530
325483.593000,89.0,Ok,107.0,Ok,1531
325483.781000,83.0,Ok,79.0,Ok,1532
325483.984000,90.0,Ok,63.0,Ok,1533
325484.187000,103.0,Ok,73.0,Ok,1534
325484.390000,96.0,Ok,79.0,Ok,1535
325484.593000,84.0,Ok,76.0,Ok,1536
325484.796000,91.0,Ok,72.0,Ok,1537
325484.984000,92.0,Ok,73.0,Ok,1538
325485.187000,92.0,Ok,128.0,Ok,1539
325485.390000,90.0,Ok,68.0,Ok,1540
325485.593000,92.0,Ok,113.0,Ok,1541
325485.796000,90.0,Ok,121.0,Ok,1542
325485.984000,84.0,Ok,76.0,Ok,1543
325486.187000,87.0,Ok,75.0,Ok,1544
325486.390000,95.0,Ok,79.0,Ok,1545
325486.593000,84.0,Ok,125.0,Ok,1546
325486.781000,86.0,Ok,98.0,Ok,1547
325486.984000,87.0,Ok,110.0,Ok,1548
325487.187000,92.0,Ok,103.0,Ok,1549
325487.390000,91.0,Ok,105.0,Ok,1550
325487.593000,92.0,Ok,103.0,Ok,1551
325487.781000,90.0,Ok,104.0,Ok,1552
325487.984000,89.0,Ok,105.0,Ok,1553
325488.187000,84.0,Ok,103.0,Ok,1554
325488.390000,94.0,Ok,91.0,Ok,1555
325488.578000,90.0,Ok,115.0,Ok,1556
325488.796000,105.0,Ok,83.0,Ok,1557
325489.000000,100.0,Ok,92.0,Ok,1558
325489.187000,100.0,Ok,90.0,Ok,1559
325489.390000,91.0,Ok,83.0,Ok,1560
325489.593000,81.0,Ok,85.0,Ok,1561
325489.796000,79.0,Ok,85.0,Ok,1562
325489.984000,84.0,Ok,81.0,Ok,1563
325490.187000,81.0,Ok,82.0,Ok,1564
325490.375000,80.0,Ok,90.0,Ok,1565
325490.578000,81.0,Ok,81.0,Ok,1566
325490.781000,85.0,Ok,75.0,Ok,1567
325490.984000,81.0,Ok,69.0,Ok,1568
325491.187000,90.0,Ok,69.0,Ok,1569
325491.390000,101.0,Ok,79.0,Ok,1570
325491.593000,86.0,Ok,92.0,Ok,1571
325491.796000,85.0,Ok,106.0,Ok,1572
325491.984000,83.0,Ok,96.0,Ok,1573
325492.187000,75.0,Ok,103.0,Ok,1574
325492.390000,78.0,Ok,103.0,Ok,1575
325492.593000,86.0,Ok,110.0,Ok,1576
325492.781000,84.0,Ok,114.0,Ok,1577
325492.984000,82.0,Ok,107.0,Ok,1578
325493.187000,88.0,Ok,100.0,Ok,1579
325493.390000,80.0,Ok,92.0,Ok,1580
325493.578000,91.0,Ok,99.0,Ok,1581
325493.796000,92.0,Ok,77.0,Ok,1582
325493.984000,96.0,Ok,87.0,Ok,1583
325494.171000,94.0,Ok,94.0,Ok,1584
325494.390000,103.0,Ok,81.0,Ok,1585
325494.578000,102.0,Ok,85.0,Ok,1586
325494.796000,100.0,Ok,74.0,Ok,1587
325495.000000,97.0,Ok,69.0,Ok,1588
325495.187000,89.0,Ok,66.0,Ok,1589
325495.375000,87.0,Ok,69.0,Ok,1590
325495.593000,87.0,Ok,75.0,Ok,1591
325495.796000,95.0,Ok,80.0,Ok,1592
325495.984000,92.0,Ok,86.0,Ok,1593
325496.187000,92.0,Ok,93.0,Ok,1594
325496.375000,93.0,Ok,87.0,Ok,1595
325496.593000,107.0,Ok,119.0,Ok,1596
325496.796000,90.0,Ok,99.0,Ok,1597
325496.984000,84.0,Ok,107.0,Ok,1598
325497.187000,87.0,Ok,103.0,Ok,1599
325497.390000,84.0,Ok,99.0,Ok,1600
325497.593000,89.0,Ok,99.0,Ok,1601
325497.796000,84.0,Ok,100.0,Ok,1602
325497.984000,88.0,Ok,102.0,Ok,1603
325498.187000,90.0,Ok,104.0,Ok,1604
325498.390000,88.0,Ok,107.0,Ok,1605
325498.593000,90.0,Ok,116.0,Ok,1606
325498.781000,89.0,Ok,108.0,Ok,1607
325499.000000,91.0,Ok,110.0,Ok,1608
325499.187000,88.0,Ok,113.0,Ok,1609
325499.390000,97.0,Ok,102.0,Ok,1610
325499.593000,76.0,Ok,83.0,Ok,1611
325499.781000,104.0,Ok,63.0,Ok,1612
325499.984000,95.0,Ok,54.0,Ok,1613
325500.187000,110.0,Ok,60.0,Ok,1614
325500.390000,109.0,Ok,102.0,Ok,1615
325500.593000,96.0,Ok,101.0,Ok,1616
325500.796000,104.0,Ok,89.0,Ok,1617
325500.984000,99.0,Ok,82.0,Ok,1618
325501.203000,98.0,Ok,136.0,Ok,1619
325501.390000,95.0,Ok,108.0,Ok,1620
325501.593000,101.0,Ok,74.0,Ok,1621
325501.781000,97.0,Ok,121.0,Ok,1622
325502.000000,96.0,Ok,110.0,Ok,1623
325502.187000,97.0,Ok,100.0,Ok,1624
325502.390000,98.0,Ok,104.0,Ok,1625
325502.578000,89.0,Ok,61.0,Ok,1626
325502.796000,93.0,Ok,69.0,Ok,1627
325502.984000,101.0,Ok,80.0,Ok,1628
325503.187000,84.0,Ok,103.0,Ok,1629
325503.390000,98.0,Ok,99.0,Ok,1630
325503.593000,99.0,Ok,110.0,Ok,1631
325503.781000,99.0,Ok,105.0,Ok,1632
325503.984000,92.0,Ok,101.0,Ok,1633
325504.187000,91.0,Ok,102.0,Ok,1634
325504.390000,95.0,Ok,110.0,Ok,1635
325504.593000,99.0,Ok,107.0,Ok,1636
325504.796000,97.0,Ok,102.0,Ok,1637
325504.984000,98.0,Ok,103.0,Ok,1638
325505.187000,94.0,Ok,99.0,Ok,1639
325505.390000,97.0,Ok,102.0,Ok,1640
325505.593000,95.0,Ok,105.0,Ok,1641
325505.781000,98.0,Ok,103.0,Ok,1642
325505.984000,100.0,Ok,104.0,Ok,1643
325506.187000,93.0,Ok,87.0,Ok,1644
325506.390000,85.0,Ok,61.0,Ok,1645
325506.593000,105.0,Ok,71.0,Ok,1646
325506.781000,95.0,Ok,87.0,Ok,1647
325507.000000,98.0,Ok,93.0,Ok,1648
325507.187000,90.0,Ok,94.0,Ok,1649
325507.390000,87.0,Ok,96.0,Ok,1650
325507.593000,91.0,Ok,95.0,Ok,1651
325507.796000,93.0,Ok,99.0,Ok,1652
325507.984000,87.0,Ok,96.0,Ok,1653
325508.187000,93.0,Ok,97.0,Ok,1654
325508.390000,92.0,Ok,102.0,Ok,1655
325508.593000,92.0,Ok,100.0,Ok,1656
325508.796000,79.0,Ok,69.0,Ok,1657
325508.984000,78.0,Ok,69.0,Ok,1658
325509.187000,93.0,Ok,91.0,Ok,1659
325509.390000,91.0,Ok,102.0,Ok,1660
325509.593000,98.0,Ok,103.0,Ok,1661
325509.796000,96.0,Ok,119.0,Ok,1662
325509.984000,98.0,Ok,109.0,Ok,1663
325510.187000,95.0,Ok,108.0,Ok,1664
325510.390000,96.0,Ok,107.0,Ok,1665
325510.593000,96.0,Ok,108.0,Ok,1666
325510.781000,93.0,Ok,106.0,Ok,1667
325510.984000,96.0,Ok,110.0,Ok,1668
325511.187000,94.0,Ok,109.0,Ok,1669
325511.375000,92.0,Ok,107.0,Ok,1670
325511.593000,94.0,Ok,107.0,Ok,1671
325511.796000,108.0,Ok,99.0,Ok,1672
325512.000000,102.0,Ok,84.0,Ok,1673
325512.187000,126.0,Ok,72.0,Ok,1674
325512.390000,130.0,Ok,65.0,Ok,1675
325512.578000,123.0,Ok,78.0,Ok,1676
325512.781000,115.0,Ok,81.0,Ok,1677
325513.000000,107.0,Ok,84.0,Ok,1678
325513.187000,107.0,Ok,88.0,Ok,1679
325513.390000,103.0,Ok,83.0,Ok,1680
325513.593000,104.0,Ok,77.0,Ok,1681
325513.796000,107.0,Ok,74.0,Ok,1682
325514.000000,110.0,Ok,77.0,Ok,1683
325514.187000,110.0,Ok,73.0,Ok,1684
325514.390000,97.0,Ok,92.0,Ok,1685
325514.593000,107.0,Ok,72.0,Ok,1686
325514.796000,107.0,Ok,77.0,Ok,1687
325515.000000,103.0,Ok,90.0,Ok,1688
325515.203000,91.0,Ok,117.0,Ok,1689
325515.375000,94.0,Ok,101.0,Ok,1690
325515.593000,93.0,Ok,108.0,Ok,1691
325515.796000,88.0,Ok,109.0,Ok,1692
325516.000000,123.0,Ok,100.0,Ok,1693
325516.187000,105.0,Ok,90.0,Ok,1694
325516.390000,69.0,Ok,78.0,Ok,1695
325516.578000,77.0,Ok,83.0,Ok,1696
325516.781000,76.0,Ok,84.0,Ok,1697
325517.000000,69.0,Ok,87.0,Ok,1698
325517.187000,75.0,Ok,104.0,Ok,1699
325517.390000,103.0,Ok,114.0,Ok,1700
325517.593000,93.0,Ok,102.0,Ok,1701
325517.781000,105.0,Ok,104.0,Ok,1702
325517.984000,102.0,Ok,99.0,Ok,1703
325518.187000,98.0,Ok,99.0,Ok,1704
325518.375000,78.0,Ok,100.0,Ok,1705
325518.593000,69.0,Ok,99.0,Ok,1706
325518.781000,91.0,Ok,98.0,Ok,1707
325518.984000,88.0,Ok,99.0,Ok,1708
325519.187000,83.0,Ok,98.0,Ok,1709
325519.390000,90.0,Ok,100.0,Ok,1710
325519.593000,96.0,Ok,101.0,Ok,1711
325519.796000,103.0,Ok,77.0,Ok,1712
325519.984000,110.0,Ok,52.0,Ok,1713
325520.171000,107.0,Ok,74.0,Ok,1714
325520.375000,103.0,Ok,77.0,Ok,1715
325520.593000,100.0,Ok,74.0,Ok,1716
325520.796000,104.0,Ok,47.0,Ok,1717
325520.984000,105.0,Ok,90.0,Ok,1718
325521.187000,106.0,Ok,123.0,Ok,1719
325521.390000,102.0,Ok,99.0,Ok,1720
325521.578000,109.0,Ok,113.0,Ok,1721
325521.796000,104.0,Ok,102.0,Ok,1722
325522.000000,104.0,Ok,106.0,Ok,1723
325522.187000,91.0,Ok,103.0,Ok,1724
325522.390000,114.0,Ok,78.0,Ok,1725
325522.578000,94.0,Ok,86.0,Ok,1726
325522.796000,124.0,Ok,100.0,Ok,1727
325522.984000,120.0,Ok,107.0,Ok,1728
325523.187000,121.0,Ok,98.0,Ok,1729
325523.375000,112.0,Ok,92.0,Ok,1730
325523.593000,113.0,Ok,99.0,Ok,1731
325523.781000,76.0,Ok,85.0,Ok,1732
325523.984000,76.0,Ok,93.0,Ok,1733
325524.187000,80.0,Ok,80.0,Ok,1734
325524.375000,82.0,Ok,92.0,Ok,1735
325524.578000,79.0,Ok,82.0,Ok,1736
325524.796000,83.0,Ok,84.0,Ok,1737
325524.984000,77.0,Ok,87.0,Ok,1738
325525.187000,74.0,Ok,90.0,Ok,1739
325525.390000,77.0,Ok,75.0,Ok,1740
325525.593000,84.0,Ok,97.0,Ok,1741
325525.781000,70.0,Ok,84.0,Ok,1742
325525.984000,79.0,Ok,81.0,Ok,1743
325526.187000,77.0,Ok,79.0,Ok,1744
325526.390000,82.0,Ok,92.0,Ok,1745
325526.593000,86.0,Ok,95.0,Ok,1746
325526.796000,84.0,Ok,86.0,Ok,1747
325526.984000,81.0,Ok,80.0,Ok,1748
325527.187000,80.0,Ok,82.0,Ok,1749
325527.390000,77.0,Ok,67.0,Ok,1750
325527.578000,75.0,Ok,99.0,Ok,1751
325527.796000,80.0,Ok,102.0,Ok,1752
325527.984000,81.0,Ok,104.0,Ok,1753
325528.171000,77.0,Ok,83.0,Ok,1754
325528.390000,77.0,Ok,102.0,Ok,1755
325528.593000,79.0,Ok,77.0,Ok,1756
325528.796000,76.0,Ok,74.0,Ok,1757
325528.984000,87.0,Ok,99.0,Ok,1758
325529.187000,83.0,Ok,87.0,Ok,1759
325529.390000,84.0,Ok,99.0,Ok,1760
325529.578000,80.0,Ok,92.0,Ok,1761
325529.796000,82.0,Ok,96.0,Ok,1762
325529.984000,86.0,Ok,85.0,Ok,1763
325530.187000,77.0,Ok,71.0,Ok,1764
325530.390000,77.0,Ok,87.0,Ok,1765
325530.593000,86.0,Ok,84.0,Ok,1766
325530.781000,86.0,Ok,88.0,Ok,1767
325530.984000,81.0,Ok,88.0,Ok,1768
325531.187000,84.0,Ok,99.0,Ok,1769
325531.390000,83.0,Ok,82.0,Ok,1770
325531.593000,74.0,Ok,83.0,Ok,1771
325531.796000,74.0,Ok,78.0,Ok,1772
325532.000000,85.0,Ok,75.0,Ok,1773
325532.187000,83.0,Ok,99.0,Ok,1774
325532.390000,74.0,Ok,83.0,Ok,1775
325532.593000,86.0,Ok,94.0,Ok,1776
325532.796000,89.0,Ok,92.0,Ok,1777
325532.984000,84.0,Ok,96.0,Ok,1778
325533.187000,87.0,Ok,84.0,Ok,1779
325533.390000,88.0,Ok,92.0,Ok,1780
325533.593000,74.0,Ok,88.0,Ok,1781
325533.781000,84.0,Ok,85.0,Ok,1782
325533.984000,87.0,Ok,82.0,Ok,1783
325534.187000,86.0,Ok,92.0,Ok,1784
325534.390000,81.0,Ok,85.0,Ok,1785
325534.593000,93.0,Ok,99.0,Ok,1786
325534.781000,81.0,Ok,85.0,Ok,1787
325534.984000,80.0,Ok,81.0,Ok,1788
325535.187000,84.0,Ok,94.0,Ok,1789
325535.390000,77.0,Ok,93.0,Ok,1790
325535.593000,79.0,Ok,80.0,Ok,1791
325535.796000,84.0,Ok,94.0,Ok,1792
325535.984000,84.0,Ok,90.0,Ok,1793
325536.187000,77.0,Ok,84.0,Ok,1794
325536.390000,82.0,Ok,80.0,Ok,1795
325536.593000,89.0,Ok,91.0,Ok,1796
325536.796000,75.0,Ok,83.0,Ok,1797
325536.984000,79.0,Ok,91.0,Ok,1798
325537.187000,75.0,Ok,91.0,Ok,1799
325537.390000,90.0,Ok,86.0,Ok,1800
325537.593000,84.0,Ok,90.0,Ok,1801
325537.796000,90.0,Ok,82.0,Ok,1802
325538.000000,86.0,Ok,96.0,Ok,1803
325538.187000,87.0,Ok,94.0,Ok,1804
325538.390000,80.0,Ok,98.0,Ok,1805
325538.593000,84.0,Ok,93.0,Ok,1806
325538.796000,82.0,Ok,98.0,Ok,1807
325538.984000,76.0,Ok,90.0,Ok,1808
325539.187000,79.0,Ok,84.0,Ok,1809
325539.390000,76.0,Ok,80.0,Ok,1810
325539.593000,80.0,Ok,120.0,Ok,1811
325539.796000,71.0,Ok,84.0,Ok,1812
325539.984000,78.0,Ok,113.0,Ok,1813
325540.187000,77.0,Ok,83.0,Ok,1814
325540.390000,84.0,Ok,84.0,Ok,1815
325540.578000,72.0,Ok,84.0,Ok,1816
325540.796000,81.0,Ok,97.0,Ok,1817
325540.984000,74.0,Ok,84.0,Ok,1818
325541.187000,75.0,Ok,88.0,Ok,1819
325541.390000,77.0,Ok,99.0,Ok,1820
325541.593000,83.0,Ok,86.0,Ok,1821
325541.781000,82.0,Ok,94.0,Ok,1822
325541.984000,80.0,Ok,79.0,Ok,1823
325542.187000,83.0,Ok,106.0,Ok,1824
325542.375000,83.0,Ok,88.0,Ok,1825
325542.593000,99.0,Ok,96.0,Ok,1826
325542.796000,81.0,Ok,81.0,Ok,1827
325542.984000,102.0,Ok,102.0,Ok,1828
325543.187000,85.0,Ok,85.0,Ok,1829
325543.390000,104.0,Ok,86.0,Ok,1830
325543.593000,82.0,Ok,78.0,Ok,1831
325543.781000,108.0,Ok,98.0,Ok,1832
325543.984000,85.0,Ok,87.0,Ok,1833
325544.187000,98.0,Ok,80.0,Ok,1834
325544.390000,92.0,Ok,88.0,Ok,1835
325544.578000,85.0,Ok,99.0,Ok,1836
325544.781000,85.0,Ok,97.0,Ok,1837
325544.984000,78.0,Ok,89.0,Ok,1838
325545.187000,107.0,Ok,97.0,Ok,1839
325545.390000,87.0,Ok,82.0,Ok,1840
325545.578000,96.0,Ok,104.0,Ok,1841
325545.781000,86.0,Ok,93.0,Ok,1842
325545.984000,89.0,Ok,98.0,Ok,1843
325546.187000,111.0,Ok,85.0,Ok,1844
325546.390000,81.0,Ok,82.0,Ok,1845
325546.578000,77.0,Ok,83.0,Ok,1846
325546.796000,81.0,Ok,80.0,Ok,1847
325546.984000,82.0,Ok,82.0,Ok,1848
325547.187000,81.0,Ok,92.0,Ok,1849
325547.390000,85.0,Ok,70.0,Ok,1850
325547.593000,80.0,Ok,83.0,Ok,1851
325547.796000,91.0,Ok,92.0,Ok,1852
325547.984000,89.0,Ok,88.0,Ok,1853
325548.187000,83.0,Ok,86.0,Ok,1854
325548.390000,89.0,Ok,84.0,Ok,1855
325548.593000,80.0,Ok,104.0,Ok,1856
325548.781000,89.0,Ok,94.0,Ok,1857
325548.984000,84.0,Ok,88.0,Ok,1858
325549.187000,85.0,Ok,74.0,Ok,1859
325549.390000,80.0,Ok,89.0,Ok,1860
325549.593000,84.0,Ok,74.0,Ok,1861
325549.781000,92.0,Ok,87.0,Ok,1862
325549.984000,86.0,Ok,126.0,Ok,1863
325550.187000,108.0,Ok,85.0,Ok,1864
325550.390000,142.0,Ok,82.0,Ok,1865
325550.593000,80.0,Ok,99.0,Ok,1866
325550.796000,82.0,Ok,84.0,Ok,1867
325550.984000,97.0,Ok,141.0,Ok,1868
325551.187000,88.0,Ok,80.0,Ok,1869
325551.390000,84.0,Ok,81.0,Ok,1870
325551.593000,106.0,Ok,93.0,Ok,1871
325551.796000,77.0,Ok,87.0,Ok,1872
325551.984000,78.0,Ok,94.0,Ok,1873
325552.187000,118.0,Ok,88.0,Ok,1874
325552.390000,125.0,Ok,73.0,Ok,1875
325552.593000,85.0,Ok,89.0,Ok,1876
325552.796000,79.0,Ok,77.0,Ok,1877
325553.000000,144.0,Ok,84.0,Ok,1878
325553.187000,79.0,Ok,72.0,Ok,1879
325553.390000,87.0,Ok,93.0,Ok,1880
325553.593000,77.0,Ok,81.0,Ok,1881
325553.781000,76.0,Ok,84.0,Ok,1882
325553.984000,81.0,Ok,71.0,Ok,1883
325554.187000,75.0,Ok,84.0,Ok,1884
325554.390000,83.0,Ok,84.0,Ok,1885
325554.578000,84.0,Ok,86.0,Ok,1886
325554.796000,81.0,Ok,79.0,Ok,1887
325554.984000,83.0,Ok,81.0,Ok,1888
325555.187000,84.0,Ok,93.0,Ok,1889
325555.390000,76.0,Ok,79.0,Ok,1890
325555.593000,83.0,Ok,78.0,Ok,1891
325555.796000,84.0,Ok,83.0,Ok,1892
325555.984000,91.0,Ok,80.0,Ok,1893
325556.187000,76.0,Ok,84.0,Ok,1894
325556.390000,85.0,Ok,90.0,Ok,1895
325556.593000,91.0,Ok,76.0,Ok,1896
325556.781000,81.0,Ok,97.0,Ok,1897
325556.984000,79.0,Ok,74.0,Ok,1898
325557.187000,89.0,Ok,87.0,Ok,1899
325557.390000,83.0,Ok,102.0,Ok,1900
325557.578000,75.0,Ok,83.0,Ok,1901
325557.781000,86.0,Ok,101.0,Ok,1902
325557.984000,84.0,Ok,93.0,Ok,1903
325558.187000,86.0,Ok,96.0,Ok,1904
325558.390000,83.0,Ok,103.0,Ok,1905
325558.593000,84.0,Ok,115.0,Ok,1906
325558.796000,85.0,Ok,96.0,Ok,1907
325558.984000,77.0,Ok,93.0,Ok,1908
325559.187000,76.0,Ok,88.0,Ok,1909
325559.390000,85.0,Ok,101.0,Ok,1910
325559.593000,84.0,Ok,91.0,Ok,1911
325559.796000,83.0,Ok,89.0,Ok,1912
325559.984000,72.0,Ok,88.0,Ok,1913
325560.187000,84.0,Ok,82.0,Ok,1914
325560.390000,86.0,Ok,96.0,Ok,1915
325560.593000,81.0,Ok,92.0,Ok,1916
325560.781000,80.0,Ok,88.0,Ok,1917
325561.000000,91.0,Ok,85.0,Ok,1918
325561.187000,77.0,Ok,83.0,Ok,1919
325561.390000,83.0,Ok,90.0,Ok,1920
325561.593000,84.0,Ok,99.0,Ok,1921
325561.781000,84.0,Ok,89.0,Ok,1922
325561.984000,80.0,Ok,87.0,Ok,1923
